timestamp,sensor_type,user_id,x,y,z
1745415452803,gyroscope,-1,-0.0026725354,0.007483099,0.00015271631
1745415452984,gyroscope,-1,-0.0008399397,0.0032070426,0.00015271631
1745415453164,accelerometer,-1,-0.088585466,0.6464345,9.557953
1745415453164,gyroscope,-1,-0.0026725354,-0.0041233404,-0.00045814895
1745415453345,accelerometer,-1,-0.11971009,0.6368576,9.574712
1745415453345,gyroscope,-1,0.000992656,-0.0016798794,0.00076358154
1745415453527,accelerometer,-1,-0.10055647,0.641646,9.565135
1745415453527,gyroscope,-1,0.000992656,-0.0016798794,-0.00045814895
1745415453706,accelerometer,-1,-0.088585466,0.6440403,9.572318
1745415453707,gyroscope,-1,-0.00022907447,0.00015271631,0.00015271631
1745415453888,accelerometer,-1,-0.079008654,0.6392518,9.608231
1745415453888,gyroscope,-1,0.00038179077,-0.00045814895,0.00076358154
1745415454068,accelerometer,-1,-0.079008654,0.6512229,9.589077
1745415454068,gyroscope,-1,0.0016035213,-0.0022907446,-0.00045814895
1745415454244,accelerometer,-1,-0.095768064,0.6464345,9.629779
1745415454244,gyroscope,-1,0.0016035213,-0.00290161,0.00015271631
1745415454426,accelerometer,-1,-0.095768064,0.63206923,9.536405
1745415454426,gyroscope,-1,-0.0008399397,0.0032070426,0.00015271631
1745415454606,accelerometer,-1,-0.22984336,0.61052144,9.282619
1745415454606,gyroscope,-1,-0.021609358,0.09483683,0.006872234
1745415454786,accelerometer,-1,-0.21547815,0.62488663,9.589077
1745415454786,gyroscope,-1,-0.0020616702,0.0013744468,0.00015271631
1745415454965,accelerometer,-1,-0.20590134,0.58418524,9.560347
1745415454965,gyroscope,-1,0.000992656,0.001985312,0.00076358154
1745415455144,accelerometer,-1,-0.21308395,0.59376204,9.584289
1745415455144,gyroscope,-1,0.00038179077,0.00076358154,-0.00045814895
1745415455325,accelerometer,-1,-0.22026655,0.59376204,9.565135
1745415455325,gyroscope,-1,-0.003894266,-0.0010690142,0.00015271631
1745415455505,accelerometer,-1,-0.21787235,0.61052144,9.581895
1745415455505,gyroscope,-1,0.00038179077,0.00076358154,-0.00045814895
1745415455686,accelerometer,-1,-0.20829555,0.60333884,9.565135
1745415455686,gyroscope,-1,-0.0008399397,-0.00045814895,0.00015271631
1745415455865,accelerometer,-1,-0.20590134,0.581791,9.572318
1745415455865,gyroscope,-1,0.0016035213,0.001985312,0.00076358154
1745415456045,accelerometer,-1,-0.19153613,0.59615624,9.598654
1745415456045,gyroscope,-1,0.000992656,0.00076358154,-0.00045814895
1745415456225,accelerometer,-1,-0.19393034,0.59376204,9.577106
1745415456227,gyroscope,-1,-0.0008399397,-0.00045814895,0.00076358154
1745415456406,accelerometer,-1,-0.21547815,0.58897364,9.584289
1745415456406,gyroscope,-1,-0.00022907447,0.0013744468,0.00015271631
1745415456584,accelerometer,-1,-0.22026655,0.58897364,9.56753
1745415456584,gyroscope,-1,-0.0008399397,-0.00045814895,0.00015271631
1745415456764,accelerometer,-1,-0.21308395,0.60094464,9.589077
1745415456764,gyroscope,-1,0.0016035213,0.0013744468,-0.00045814895
1745415456944,accelerometer,-1,-0.20111294,0.58418524,9.572318
1745415456944,gyroscope,-1,-0.00022907447,0.00015271631,0.00015271631
1745415457125,accelerometer,-1,-0.22266077,0.59136784,9.581895
1745415457125,gyroscope,-1,0.000992656,0.0013744468,-0.00045814895
1745415457305,accelerometer,-1,-0.22266077,0.58657944,9.5795
1745415457305,gyroscope,-1,0.00038179077,0.00076358154,0.00015271631
1745415457486,accelerometer,-1,-0.21547815,0.581791,9.562741
1745415457486,gyroscope,-1,-0.001450805,-0.00045814895,0.00076358154
1745415457665,accelerometer,-1,-0.21308395,0.59376204,9.577106
1745415457665,gyroscope,-1,0.00038179077,-0.00045814895,0.00076358154
1745415457845,accelerometer,-1,-0.21547815,0.60812724,9.56753
1745415457845,gyroscope,-1,-0.0008399397,0.00015271631,0.00015271631
1745415458024,accelerometer,-1,-0.20111294,0.581791,9.581895
1745415458024,gyroscope,-1,-0.0020616702,-0.00045814895,0.00015271631
1745415458205,accelerometer,-1,-0.21787235,0.58657944,9.5795
1745415458205,gyroscope,-1,0.000992656,0.0013744468,-0.00045814895
1745415458385,accelerometer,-1,-0.22026655,0.59136784,9.584289
1745415458385,gyroscope,-1,-0.00022907447,0.00015271631,0.00076358154
1745415458566,accelerometer,-1,-0.22266077,0.5793968,9.5795
1745415458566,gyroscope,-1,0.0022143866,0.0013744468,-0.00045814895
1745415458745,accelerometer,-1,-0.21068975,0.58418524,9.577106
1745415458745,gyroscope,-1,-0.0026725354,-0.0016798794,0.00076358154
1745415458926,accelerometer,-1,-0.21547815,0.5793968,9.560347
1745415458926,gyroscope,-1,0.0006872234,0.0006872234,0.00015271631
1745415459106,accelerometer,-1,-0.22744916,0.60333884,9.615414
1745415459106,gyroscope,-1,0.0012980887,0.0006872234,0.00015271631
1745415459285,accelerometer,-1,-0.20590134,0.5793968,9.5795
1745415459286,gyroscope,-1,-0.0017562376,-0.0011453723,0.00015271631
1745415459465,accelerometer,-1,-0.20350714,0.58897364,9.577106
1745415459465,gyroscope,-1,0.0012980887,7.6358156e-05,0.00015271631
1745415459645,accelerometer,-1,-0.20111294,0.581791,9.574712
1745415459645,gyroscope,-1,7.6358156e-05,-0.0005345071,0.00015271631
1745415459826,accelerometer,-1,-0.20350714,0.5674258,9.584289
1745415459826,gyroscope,-1,0.0019089539,0.0012980887,0.00015271631
1745415460006,accelerometer,-1,-0.21068975,0.59615624,9.589077
1745415460006,gyroscope,-1,-0.0023671028,-0.0011453723,0.00076358154
1745415460186,accelerometer,-1,-0.20829555,0.59855044,9.569923
1745415460186,gyroscope,-1,0.0061850105,0.0037415496,0.00015271631
1745415460365,accelerometer,-1,-0.21547815,0.59615624,9.584289
1745415460365,gyroscope,-1,-0.0035888334,-0.0017562376,0.00015271631
1745415460545,accelerometer,-1,-0.22026655,0.60094464,9.589077
1745415460546,gyroscope,-1,0.0037415496,0.0012980887,0.00015271631
1745415460726,accelerometer,-1,-0.22266077,0.5722142,9.572318
1745415460726,gyroscope,-1,-0.0023671028,-0.0011453723,-0.00045814895
1745415460906,accelerometer,-1,-0.22266077,0.5722142,9.581895
1745415460906,gyroscope,-1,-0.0005345071,-0.0005345071,0.00015271631
1745415461085,accelerometer,-1,-0.22026655,0.59136784,9.584289
1745415461086,gyroscope,-1,7.6358156e-05,0.0012980887,0.00015271631
1745415461265,accelerometer,-1,-0.21547815,0.5770026,9.581895
1745415461265,gyroscope,-1,7.6358156e-05,7.6358156e-05,0.00015271631
1745415461445,accelerometer,-1,-0.22266077,0.60573304,9.593865
1745415461445,gyroscope,-1,0.0006872234,7.6358156e-05,-0.00045814895
1745415461626,accelerometer,-1,-0.22984336,0.5793968,9.586683
1745415461626,gyroscope,-1,0.0006872234,7.6358156e-05,0.00015271631
1745415461805,accelerometer,-1,-0.21068975,0.58897364,9.572318
1745415461805,gyroscope,-1,7.6358156e-05,-0.0005345071,0.00015271631
1745415461986,accelerometer,-1,-0.21068975,0.59855044,9.584289
1745415461986,gyroscope,-1,-0.0005345071,-0.0005345071,0.00015271631
1745415462165,accelerometer,-1,-0.21547815,0.59136784,9.577106
1745415462165,gyroscope,-1,0.0006872234,0.0006872234,0.00015271631
1745415462345,accelerometer,-1,-0.21787235,0.58657944,9.581895
1745415462345,gyroscope,-1,0.0012980887,0.0012980887,0.00015271631
1745415462525,accelerometer,-1,-0.22026655,0.58897364,9.581895
1745415462525,gyroscope,-1,0.0006872234,0.0006872234,0.00015271631
1745415462704,accelerometer,-1,-0.21308395,0.60094464,9.565135
1745415462704,gyroscope,-1,0.0006872234,-0.0005345071,0.00015271631
1745415462885,accelerometer,-1,-0.22505496,0.5674258,9.5795
1745415462886,gyroscope,-1,-0.001985312,-0.0012217305,7.6358156e-05
1745415463064,accelerometer,-1,-0.22984336,0.61052144,9.574712
1745415463064,gyroscope,-1,0.0016798794,0.00061086525,7.6358156e-05
1745415463244,accelerometer,-1,-0.22984336,0.59615624,9.584289
1745415463244,gyroscope,-1,0.0016798794,0.00061086525,7.6358156e-05
1745415463423,accelerometer,-1,-0.20111294,0.60812724,9.581895
1745415463423,gyroscope,-1,0.0016798794,0.00061086525,7.6358156e-05
1745415463604,accelerometer,-1,-0.20590134,0.59376204,9.593865
1745415463604,gyroscope,-1,-0.0013744468,-0.0,0.0006872234
1745415463785,accelerometer,-1,-0.22266077,0.5793968,9.589077
1745415463785,gyroscope,-1,0.0010690142,0.00061086525,7.6358156e-05
1745415463966,accelerometer,-1,-0.22026655,0.59855044,9.601048
1745415463966,gyroscope,-1,-0.00015271631,0.0012217305,7.6358156e-05
1745415464145,accelerometer,-1,-0.21787235,0.5674258,9.569923
1745415464146,gyroscope,-1,0.0016798794,0.00061086525,0.0006872234
1745415464325,accelerometer,-1,-0.22505496,0.581791,9.589077
1745415464325,gyroscope,-1,0.0016798794,0.0018325958,0.0006872234
1745415464506,accelerometer,-1,-0.22744916,0.58418524,9.584289
1745415464506,gyroscope,-1,0.0010690142,-0.0,7.6358156e-05
1745415464685,accelerometer,-1,-0.20829555,0.60094464,9.589077
1745415464685,gyroscope,-1,-0.00015271631,-0.0,7.6358156e-05
1745415464865,accelerometer,-1,-0.22026655,0.58897364,9.632173
1745415464866,gyroscope,-1,0.0010690142,-0.00061086525,7.6358156e-05
1745415465046,accelerometer,-1,-0.22505496,0.56982,9.577106
1745415465046,gyroscope,-1,-0.0032070426,-0.002443461,0.0006872234
1745415465225,accelerometer,-1,-0.22026655,0.58897364,9.586683
1745415465225,gyroscope,-1,0.0041233404,0.0012217305,0.0006872234
1745415465405,accelerometer,-1,-0.20111294,0.59376204,9.562741
1745415465405,gyroscope,-1,-0.001985312,-0.0018325958,7.6358156e-05
1745415465585,accelerometer,-1,-0.23463176,0.58657944,9.574712
1745415465585,gyroscope,-1,-0.0013744468,-0.0018325958,7.6358156e-05
1745415465765,accelerometer,-1,-0.23463176,0.5674258,9.603442
1745415465765,gyroscope,-1,-0.00076358154,0.00061086525,7.6358156e-05
1745415465946,accelerometer,-1,-0.22505496,0.59615624,9.577106
1745415465946,gyroscope,-1,-0.00015271631,-0.0,0.0006872234
1745415466126,accelerometer,-1,-0.22505496,0.56982,9.59626
1745415466126,gyroscope,-1,-0.00015271631,-0.00061086525,7.6358156e-05
1745415466305,accelerometer,-1,-0.21068975,0.5793968,9.572318
1745415466305,gyroscope,-1,-0.00015271631,0.00061086525,7.6358156e-05
1745415466485,accelerometer,-1,-0.21787235,0.61052144,9.555558
1745415466485,gyroscope,-1,-0.00015271631,-0.0,-0.0005345071
1745415466663,accelerometer,-1,-0.22026655,0.581791,9.601048
1745415466663,gyroscope,-1,0.00045814895,-0.00061086525,7.6358156e-05
1745415466843,accelerometer,-1,-0.21308395,0.59376204,9.565135
1745415466843,gyroscope,-1,0.0041233404,0.0018325958,0.0006872234
1745415467024,accelerometer,-1,-0.23702596,0.59376204,9.581895
1745415467024,gyroscope,-1,-0.0027488936,-0.0018325958,0.0006872234
1745415467204,accelerometer,-1,-0.20590134,0.59615624,9.5795
1745415467204,gyroscope,-1,-0.0009162979,-0.00061086525,7.6358156e-05
1745415467385,accelerometer,-1,-0.20590134,0.58418524,9.584289
1745415467386,gyroscope,-1,-0.0021380284,-0.00061086525,-0.0005345071
1745415467565,accelerometer,-1,-0.21068975,0.58897364,9.584289
1745415467565,gyroscope,-1,-0.00030543262,-0.0,-0.0005345071
1745415467745,accelerometer,-1,-0.23942018,0.5793968,9.59626
1745415467745,gyroscope,-1,-0.0021380284,0.0012217305,0.0006872234
1745415467924,accelerometer,-1,-0.22744916,0.60094464,9.577106
1745415467924,gyroscope,-1,0.00030543262,-0.00061086525,0.0006872234
1745415468105,accelerometer,-1,-0.22026655,0.59855044,9.593865
1745415468105,gyroscope,-1,-0.0015271631,-0.0,-0.0005345071
1745415468285,accelerometer,-1,-0.21308395,0.60812724,9.577106
1745415468285,gyroscope,-1,0.0021380284,-0.0,7.6358156e-05
1745415468466,accelerometer,-1,-0.22744916,0.59615624,9.586683
1745415468466,gyroscope,-1,-0.0015271631,-0.00061086525,7.6358156e-05
1745415468646,accelerometer,-1,-0.21308395,0.581791,9.601048
1745415468646,gyroscope,-1,0.0009162979,0.00061086525,7.6358156e-05
1745415468825,accelerometer,-1,-0.22505496,0.5793968,9.584289
1745415468825,gyroscope,-1,0.00030543262,-0.0,7.6358156e-05
1745415469005,accelerometer,-1,-0.20590134,0.59855044,9.589077
1745415469005,gyroscope,-1,0.00030543262,0.0018325958,7.6358156e-05
1745415469185,accelerometer,-1,-0.21787235,0.59376204,9.584289
1745415469185,gyroscope,-1,-0.00030543262,-0.00061086525,7.6358156e-05
1745415469365,accelerometer,-1,-0.22744916,0.5626374,9.593865
1745415469365,gyroscope,-1,0.00030543262,-0.0012217305,-0.0005345071
1745415469545,accelerometer,-1,-0.22026655,0.5770026,9.601048
1745415469545,gyroscope,-1,0.0021380284,0.0012217305,0.0006872234
1745415469726,accelerometer,-1,-0.21068975,0.61052144,9.574712
1745415469726,gyroscope,-1,0.0021380284,-0.00061086525,-0.0005345071
1745415469905,accelerometer,-1,-0.23223756,0.58418524,9.581895
1745415469906,gyroscope,-1,-0.0015271631,-0.00061086525,7.6358156e-05
1745415470086,accelerometer,-1,-0.21787235,0.5746084,9.55077
1745415470086,gyroscope,-1,0.00030543262,-0.002443461,0.0006872234
1745415470265,accelerometer,-1,-0.21787235,0.60094464,9.5795
1745415470265,gyroscope,-1,-0.0021380284,-0.0012217305,-0.0005345071
1745415470445,accelerometer,-1,-0.22505496,0.5793968,9.574712
1745415470445,gyroscope,-1,-0.0009162979,-0.0012217305,7.6358156e-05
1745415470625,accelerometer,-1,-0.22026655,0.58657944,9.581895
1745415470625,gyroscope,-1,0.0009162979,0.0012217305,7.6358156e-05
1745415470805,accelerometer,-1,-0.21308395,0.58657944,9.581895
1745415470805,gyroscope,-1,-0.00030543262,0.00061086525,7.6358156e-05
1745415470985,accelerometer,-1,-0.22744916,0.581791,9.589077
1745415470985,gyroscope,-1,-0.00030543262,-0.00061086525,7.6358156e-05
1745415471165,accelerometer,-1,-0.22026655,0.60094464,9.591472
1745415471165,gyroscope,-1,-0.0008399397,7.6358156e-05,7.6358156e-05
1745415471345,accelerometer,-1,-0.23223756,0.58418524,9.584289
1745415471345,gyroscope,-1,-0.0008399397,-0.0011453723,0.0006872234
1745415471525,accelerometer,-1,-0.23223756,0.59615624,9.593865
1745415471525,gyroscope,-1,0.000992656,-0.0011453723,7.6358156e-05
1745415471705,accelerometer,-1,-0.20590134,0.60094464,9.598654
1745415471705,gyroscope,-1,0.000992656,0.0012980887,7.6358156e-05
1745415471885,accelerometer,-1,-0.22744916,0.59615624,9.574712
1745415471885,gyroscope,-1,-0.0008399397,-0.0005345071,7.6358156e-05
1745415472065,accelerometer,-1,-0.21308395,0.58657944,9.562741
1745415472065,gyroscope,-1,0.000992656,0.0006872234,7.6358156e-05
1745415472245,accelerometer,-1,-0.23942018,0.5770026,9.56753
1745415472245,gyroscope,-1,0.00038179077,7.6358156e-05,7.6358156e-05
1745415472425,accelerometer,-1,-0.22744916,0.59376204,9.59626
1745415472425,gyroscope,-1,0.0022143866,0.0012980887,-0.0005345071
1745415472604,accelerometer,-1,-0.22266077,0.60573304,9.5795
1745415472604,gyroscope,-1,-0.001450805,-0.0017562376,7.6358156e-05
1745415472785,accelerometer,-1,-0.23223756,0.59855044,9.565135
1745415472785,gyroscope,-1,0.0022143866,0.0025198192,-0.0005345071
1745415472965,accelerometer,-1,-0.22744916,0.5722142,9.574712
1745415472965,gyroscope,-1,0.00038179077,0.0006872234,0.0006872234
1745415473145,accelerometer,-1,-0.23942018,0.59136784,9.565135
1745415473145,gyroscope,-1,0.003436117,0.0006872234,7.6358156e-05
1745415473325,accelerometer,-1,-0.21308395,0.59615624,9.569923
1745415473325,gyroscope,-1,-0.003894266,-0.0017562376,-0.0005345071
1745415473505,accelerometer,-1,-0.22026655,0.58897364,9.574712
1745415473505,gyroscope,-1,-0.0020616702,-0.0017562376,-0.0005345071
1745415473686,accelerometer,-1,-0.21547815,0.59855044,9.56753
1745415473686,gyroscope,-1,-0.00022907447,-0.0005345071,7.6358156e-05
1745415473866,accelerometer,-1,-0.22744916,0.58897364,9.574712
1745415473866,gyroscope,-1,0.00038179077,0.0006872234,-0.0005345071
1745415474045,accelerometer,-1,-0.22505496,0.61291564,9.560347
1745415474045,gyroscope,-1,0.000992656,-0.0005345071,7.6358156e-05
1745415474225,accelerometer,-1,-0.23463176,0.59615624,9.584289
1745415474225,gyroscope,-1,-0.001450805,0.0012980887,-0.0005345071
1745415474405,accelerometer,-1,-0.22026655,0.581791,9.572318
1745415474405,gyroscope,-1,-0.001450805,-0.0005345071,7.6358156e-05
1745415474585,accelerometer,-1,-0.22505496,0.5650316,9.5795
1745415474585,gyroscope,-1,0.00038179077,-0.0005345071,7.6358156e-05
1745415474765,accelerometer,-1,-0.21308395,0.581791,9.5795
1745415474765,gyroscope,-1,-0.0020616702,-0.0011453723,7.6358156e-05
1745415474947,accelerometer,-1,-0.21547815,0.5722142,9.586683
1745415474947,gyroscope,-1,0.000992656,0.0006872234,-0.0005345071
1745415475125,accelerometer,-1,-0.22266077,0.58897364,9.593865
1745415475125,gyroscope,-1,-0.00015271631,0.00015271631,7.6358156e-05
1745415475305,accelerometer,-1,-0.21547815,0.5674258,9.572318
1745415475305,gyroscope,-1,0.0016798794,0.00015271631,7.6358156e-05
1745415475485,accelerometer,-1,-0.23463176,0.59136784,9.589077
1745415475485,gyroscope,-1,0.00045814895,0.00076358154,7.6358156e-05
1745415475665,accelerometer,-1,-0.23463176,0.581791,9.574712
1745415475665,gyroscope,-1,0.00045814895,0.00076358154,0.0006872234
1745415475846,accelerometer,-1,-0.22505496,0.60094464,9.586683
1745415475846,gyroscope,-1,0.0010690142,0.00015271631,-0.0005345071
1745415476023,accelerometer,-1,-0.22026655,0.5770026,9.569923
1745415476023,gyroscope,-1,-0.001985312,-0.0016798794,7.6358156e-05
1745415476204,accelerometer,-1,-0.21787235,0.58418524,9.56753
1745415476204,gyroscope,-1,-0.001985312,-0.0010690142,7.6358156e-05
1745415476385,accelerometer,-1,-0.24181437,0.58897364,9.598654
1745415476385,gyroscope,-1,0.00045814895,0.00015271631,7.6358156e-05
1745415476565,accelerometer,-1,-0.22266077,0.5793968,9.574712
1745415476565,gyroscope,-1,-0.00076358154,-0.00045814895,0.0006872234
1745415476745,accelerometer,-1,-0.22266077,0.59855044,9.593865
1745415476745,gyroscope,-1,0.0022907446,0.0013744468,-0.0005345071
1745415476925,accelerometer,-1,-0.22505496,0.5602432,9.584289
1745415476925,gyroscope,-1,-0.00076358154,-0.0010690142,7.6358156e-05
1745415477104,accelerometer,-1,-0.21068975,0.5770026,9.584289
1745415477104,gyroscope,-1,0.00045814895,0.00015271631,-0.0005345071
1745415477284,accelerometer,-1,-0.23223756,0.581791,9.586683
1745415477284,gyroscope,-1,-0.00015271631,0.00015271631,-0.0005345071
1745415477465,accelerometer,-1,-0.23702596,0.58418524,9.569923
1745415477465,gyroscope,-1,-0.00015271631,0.00076358154,7.6358156e-05
1745415477645,accelerometer,-1,-0.21547815,0.581791,9.581895
1745415477645,gyroscope,-1,-0.00076358154,-0.0010690142,7.6358156e-05
1745415477825,accelerometer,-1,-0.22984336,0.56982,9.605837
1745415477825,gyroscope,-1,0.00045814895,0.00015271631,-0.0005345071
1745415478006,accelerometer,-1,-0.21547815,0.59136784,9.5795
1745415478006,gyroscope,-1,0.0016798794,0.0013744468,-0.0005345071
1745415478184,accelerometer,-1,-0.23942018,0.58418524,9.572318
1745415478184,gyroscope,-1,-0.00015271631,0.00015271631,7.6358156e-05
1745415478364,accelerometer,-1,-0.23463176,0.5793968,9.591472
1745415478364,gyroscope,-1,0.0010690142,0.0013744468,7.6358156e-05
1745415478545,accelerometer,-1,-0.22744916,0.5770026,9.581895
1745415478545,gyroscope,-1,0.0010690142,0.00015271631,7.6358156e-05
1745415478725,accelerometer,-1,-0.22984336,0.58657944,9.560347
1745415478725,gyroscope,-1,-0.00076358154,-0.00045814895,-0.0005345071
1745415478905,accelerometer,-1,-0.21547815,0.58657944,9.577106
1745415478905,gyroscope,-1,-0.00015271631,-0.00045814895,-0.0005345071
1745415479085,accelerometer,-1,-0.23942018,0.58657944,9.581895
1745415479085,gyroscope,-1,0.0010690142,0.001985312,7.6358156e-05
1745415479266,accelerometer,-1,-0.21787235,0.5746084,9.593865
1745415479266,gyroscope,-1,-0.0020616702,7.6358156e-05,7.6358156e-05
1745415479445,accelerometer,-1,-0.23223756,0.58897364,9.586683
1745415479445,gyroscope,-1,0.0022143866,0.0012980887,7.6358156e-05
1745415479625,accelerometer,-1,-0.24181437,0.56982,9.593865
1745415479626,gyroscope,-1,-0.0008399397,7.6358156e-05,7.6358156e-05
1745415479805,accelerometer,-1,-0.22984336,0.5650316,9.565135
1745415479806,gyroscope,-1,-0.00022907447,-0.0005345071,7.6358156e-05
1745415479985,accelerometer,-1,-0.21787235,0.60812724,9.56753
1745415479985,gyroscope,-1,-0.0026725354,-0.002977968,-0.0005345071
1745415480164,accelerometer,-1,-0.22984336,0.60333884,9.591472
1745415480164,gyroscope,-1,0.0022143866,0.0012980887,7.6358156e-05
1745415480346,accelerometer,-1,-0.23463176,0.58897364,9.581895
1745415480346,gyroscope,-1,-0.001450805,0.0006872234,0.0006872234
1745415480525,accelerometer,-1,-0.22505496,0.557849,9.598654
1745415480525,gyroscope,-1,-0.0008399397,0.0025198192,0.0006872234
1745415480704,accelerometer,-1,-0.22744916,0.5626374,9.59626
1745415480704,gyroscope,-1,0.0028252518,7.6358156e-05,0.0012980887
1745415480886,accelerometer,-1,-0.22505496,0.56982,9.593865
1745415480886,gyroscope,-1,-0.001450805,-0.0005345071,7.6358156e-05
1745415481065,accelerometer,-1,-0.24899697,0.5770026,9.586683
1745415481068,gyroscope,-1,-0.00022907447,0.0012980887,7.6358156e-05
1745415481245,accelerometer,-1,-0.24660277,0.59855044,9.584289
1745415481245,gyroscope,-1,0.0016035213,0.0019089539,0.0006872234
1745415481424,accelerometer,-1,-0.22984336,0.5793968,9.562741
1745415481424,gyroscope,-1,0.0016035213,7.6358156e-05,-0.0005345071
1745415481605,accelerometer,-1,-0.22984336,0.581791,9.584289
1745415481605,gyroscope,-1,-0.003894266,-0.0023671028,-0.0005345071
1745415481786,accelerometer,-1,-0.22505496,0.5602432,9.593865
1745415481786,gyroscope,-1,0.000992656,0.0012980887,0.0006872234
1745415481965,accelerometer,-1,-0.21068975,0.5770026,9.581895
1745415481965,gyroscope,-1,0.0022143866,-0.0005345071,7.6358156e-05
1745415482145,accelerometer,-1,-0.23942018,0.60094464,9.586683
1745415482145,gyroscope,-1,-0.0008399397,-0.0005345071,7.6358156e-05
1745415482324,accelerometer,-1,-0.24420857,0.58897364,9.589077
1745415482324,gyroscope,-1,-0.001450805,-0.0011453723,7.6358156e-05
1745415482505,accelerometer,-1,-0.21547815,0.59615624,9.5795
1745415482505,gyroscope,-1,0.0016035213,0.0006872234,7.6358156e-05
1745415482685,accelerometer,-1,-0.21547815,0.58897364,9.589077
1745415482685,gyroscope,-1,-0.001450805,-0.0011453723,-0.0005345071
1745415482865,accelerometer,-1,-0.22984336,0.58657944,9.589077
1745415482865,gyroscope,-1,0.00038179077,0.0006872234,7.6358156e-05
1745415483045,accelerometer,-1,-0.22984336,0.581791,9.574712
1745415483045,gyroscope,-1,-0.0008399397,7.6358156e-05,7.6358156e-05
1745415483225,accelerometer,-1,-0.23702596,0.5770026,9.584289
1745415483225,gyroscope,-1,0.00038179077,0.0006872234,-0.0005345071
1745415483404,accelerometer,-1,-0.22505496,0.5793968,9.589077
1745415483404,gyroscope,-1,-0.00022907447,7.6358156e-05,-0.0005345071
1745415483585,accelerometer,-1,-0.21308395,0.58657944,9.572318
1745415483585,gyroscope,-1,0.0016035213,0.0012980887,-0.0005345071
1745415483765,accelerometer,-1,-0.22744916,0.5793968,9.591472
1745415483765,gyroscope,-1,-0.00022907447,7.6358156e-05,7.6358156e-05
1745415483947,accelerometer,-1,-0.23463176,0.58657944,9.581895
1745415483947,gyroscope,-1,0.00038179077,0.0006872234,-0.0005345071
1745415484124,accelerometer,-1,-0.19632454,0.56982,9.603442
1745415484125,gyroscope,-1,-0.0020616702,-0.0017562376,7.6358156e-05
1745415484305,accelerometer,-1,-0.21068975,0.58418524,9.589077
1745415484305,gyroscope,-1,0.000992656,-0.0005345071,-0.0005345071
1745415484485,accelerometer,-1,-0.21068975,0.58657944,9.56753
1745415484485,gyroscope,-1,-0.0008399397,-0.0011453723,7.6358156e-05
1745415484665,accelerometer,-1,-0.23223756,0.58418524,9.56753
1745415484665,gyroscope,-1,-0.001450805,7.6358156e-05,0.0006872234
1745415484845,accelerometer,-1,-0.22505496,0.5674258,9.584289
1745415484845,gyroscope,-1,0.0022143866,7.6358156e-05,0.0006872234
1745415485025,accelerometer,-1,-0.22984336,0.59855044,9.584289
1745415485025,gyroscope,-1,-0.00022907447,7.6358156e-05,7.6358156e-05
1745415485205,accelerometer,-1,-0.22744916,0.5793968,9.572318
1745415485205,gyroscope,-1,0.000992656,7.6358156e-05,0.0006872234
1745415485384,accelerometer,-1,-0.21308395,0.58657944,9.5795
1745415485384,gyroscope,-1,-0.0008399397,-0.0005345071,7.6358156e-05
1745415485565,accelerometer,-1,-0.22266077,0.581791,9.581895
1745415485565,gyroscope,-1,0.00038179077,7.6358156e-05,7.6358156e-05
1745415485745,accelerometer,-1,-0.22266077,0.58418524,9.574712
1745415485745,gyroscope,-1,-0.0008399397,-0.0005345071,7.6358156e-05
1745415485925,accelerometer,-1,-0.24899697,0.5722142,9.586683
1745415485925,gyroscope,-1,-0.001450805,-0.0011453723,7.6358156e-05
1745415486105,accelerometer,-1,-0.21787235,0.59136784,9.627384
1745415486105,gyroscope,-1,-0.0008399397,7.6358156e-05,7.6358156e-05
1745415486285,accelerometer,-1,-0.21308395,0.5674258,9.601048
1745415486285,gyroscope,-1,-0.001450805,-0.0011453723,7.6358156e-05
1745415486465,accelerometer,-1,-0.21308395,0.5770026,9.59626
1745415486465,gyroscope,-1,-0.00022907447,-0.0005345071,-0.0005345071
1745415486645,accelerometer,-1,-0.22026655,0.58418524,9.577106
1745415486645,gyroscope,-1,-0.00022907447,-0.0005345071,7.6358156e-05
1745415486825,accelerometer,-1,-0.22266077,0.5793968,9.584289
1745415486825,gyroscope,-1,-0.0008399397,-0.0005345071,7.6358156e-05
1745415487005,accelerometer,-1,-0.22026655,0.59136784,9.593865
1745415487005,gyroscope,-1,0.000992656,0.0006872234,7.6358156e-05
1745415487186,accelerometer,-1,-0.22505496,0.58418524,9.5795
1745415487186,gyroscope,-1,-0.0008399397,-0.0011453723,7.6358156e-05
1745415487364,accelerometer,-1,-0.22026655,0.61052144,9.613019
1745415487364,gyroscope,-1,0.0022143866,0.0019089539,7.6358156e-05
1745415487543,accelerometer,-1,-0.22744916,0.5746084,9.593865
1745415487544,gyroscope,-1,0.003436117,0.0025198192,7.6358156e-05
1745415487725,accelerometer,-1,-0.23702596,0.59615624,9.598654
1745415487725,gyroscope,-1,0.00038179077,-0.0005345071,-0.0005345071
1745415487906,accelerometer,-1,-0.24899697,0.5746084,9.589077
1745415487907,gyroscope,-1,0.00038179077,-0.0005345071,-0.0005345071
1745415488085,accelerometer,-1,-0.22505496,0.5650316,9.59626
1745415488085,gyroscope,-1,0.000992656,0.0006872234,7.6358156e-05
1745415488265,accelerometer,-1,-0.20111294,0.5770026,9.586683
1745415488265,gyroscope,-1,-0.0008399397,-0.0005345071,7.6358156e-05
1745415488444,accelerometer,-1,-0.23223756,0.59376204,9.593865
1745415488444,gyroscope,-1,-0.0008399397,-0.0011453723,7.6358156e-05
1745415488623,accelerometer,-1,-0.21547815,0.58657944,9.557953
1745415488623,gyroscope,-1,-0.00022907447,0.0006872234,7.6358156e-05
1745415488805,accelerometer,-1,-0.22266077,0.59615624,9.569923
1745415488805,gyroscope,-1,0.000992656,-0.0005345071,7.6358156e-05
1745415488984,accelerometer,-1,-0.22266077,0.5674258,9.565135
1745415488984,gyroscope,-1,-0.00022907447,7.6358156e-05,-0.0005345071
1745415489165,accelerometer,-1,-0.22984336,0.5746084,9.589077
1745415489165,gyroscope,-1,0.00038179077,-0.0005345071,7.6358156e-05
1745415489345,accelerometer,-1,-0.22744916,0.58897364,9.584289
1745415489345,gyroscope,-1,-0.00022907447,7.6358156e-05,7.6358156e-05
1745415489525,accelerometer,-1,-0.22984336,0.5793968,9.598654
1745415489525,gyroscope,-1,-0.00022907447,-0.0011453723,-0.0005345071
1745415489705,accelerometer,-1,-0.22984336,0.5626374,9.569923
1745415489705,gyroscope,-1,-0.00022907447,-0.0005345071,7.6358156e-05
1745415489885,accelerometer,-1,-0.22026655,0.56982,9.581895
1745415489885,gyroscope,-1,-0.0008399397,0.0006872234,0.0006872234
1745415490066,accelerometer,-1,-0.22266077,0.5770026,9.589077
1745415490066,gyroscope,-1,-0.00022907447,-0.0005345071,7.6358156e-05
1745415490245,accelerometer,-1,-0.22744916,0.581791,9.584289
1745415490245,gyroscope,-1,0.00030543262,7.6358156e-05,7.6358156e-05
1745415490425,accelerometer,-1,-0.20590134,0.5746084,9.591472
1745415490425,gyroscope,-1,0.0009162979,7.6358156e-05,7.6358156e-05
1745415490605,accelerometer,-1,-0.21547815,0.581791,9.577106
1745415490605,gyroscope,-1,0.00030543262,0.0006872234,-0.0005345071
1745415490785,accelerometer,-1,-0.21787235,0.5793968,9.591472
1745415490787,gyroscope,-1,0.00030543262,7.6358156e-05,-0.0005345071
1745415490965,accelerometer,-1,-0.23942018,0.58897364,9.581895
1745415490965,gyroscope,-1,-0.00030543262,7.6358156e-05,7.6358156e-05
1745415491145,accelerometer,-1,-0.22266077,0.58418524,9.591472
1745415491145,gyroscope,-1,-0.00030543262,7.6358156e-05,-0.0005345071
1745415491325,accelerometer,-1,-0.21308395,0.5770026,9.581895
1745415491325,gyroscope,-1,0.00030543262,0.0006872234,7.6358156e-05
1745415491505,accelerometer,-1,-0.21547815,0.59136784,9.577106
1745415491505,gyroscope,-1,-0.0009162979,-0.0011453723,-0.0005345071
1745415491686,accelerometer,-1,-0.21787235,0.58897364,9.591472
1745415491686,gyroscope,-1,0.00030543262,0.0006872234,-0.0005345071
1745415491865,accelerometer,-1,-0.20829555,0.58418524,9.589077
1745415491865,gyroscope,-1,-0.00030543262,-0.0005345071,7.6358156e-05
1745415492045,accelerometer,-1,-0.21068975,0.60812724,9.5795
1745415492045,gyroscope,-1,-0.00030543262,-0.0005345071,-0.0005345071
1745415492225,accelerometer,-1,-0.21308395,0.5674258,9.5795
1745415492225,gyroscope,-1,0.00030543262,7.6358156e-05,7.6358156e-05
1745415492405,accelerometer,-1,-0.23702596,0.58418524,9.59626
1745415492405,gyroscope,-1,-0.00030543262,7.6358156e-05,0.0006872234
1745415492585,accelerometer,-1,-0.21547815,0.59615624,9.591472
1745415492585,gyroscope,-1,0.0015271631,0.0019089539,7.6358156e-05
1745415492764,accelerometer,-1,-0.23942018,0.58657944,9.577106
1745415492764,gyroscope,-1,-0.0009162979,-0.0005345071,7.6358156e-05
1745415492945,accelerometer,-1,-0.22266077,0.5746084,9.589077
1745415492945,gyroscope,-1,0.00030543262,7.6358156e-05,-0.0005345071
1745415493125,accelerometer,-1,-0.23463176,0.59136784,9.591472
1745415493125,gyroscope,-1,0.0009162979,0.0006872234,7.6358156e-05
1745415493305,accelerometer,-1,-0.22266077,0.58657944,9.577106
1745415493305,gyroscope,-1,-0.0015271631,7.6358156e-05,7.6358156e-05
1745415493485,accelerometer,-1,-0.22984336,0.58657944,9.5795
1745415493485,gyroscope,-1,0.00030543262,7.6358156e-05,-0.0005345071
1745415493665,accelerometer,-1,-0.24660277,0.58897364,9.593865
1745415493665,gyroscope,-1,-0.0015271631,-0.0005345071,-0.0005345071
1745415493844,accelerometer,-1,-0.21787235,0.58897364,9.586683
1745415493844,gyroscope,-1,0.00030543262,7.6358156e-05,7.6358156e-05
1745415494025,accelerometer,-1,-0.20590134,0.5770026,9.581895
1745415494025,gyroscope,-1,-0.0009162979,-0.0005345071,7.6358156e-05
1745415494209,accelerometer,-1,-0.22026655,0.5722142,9.581895
1745415494209,gyroscope,-1,-0.00030543262,7.6358156e-05,7.6358156e-05
1745415494385,accelerometer,-1,-0.20829555,0.5746084,9.591472
1745415494385,gyroscope,-1,0.00038179077,0.0012980887,0.0006872234
1745415494564,accelerometer,-1,-0.23942018,0.5674258,9.56753
1745415494564,gyroscope,-1,-0.0020616702,-0.0011453723,-0.0005345071
1745415494744,accelerometer,-1,-0.23463176,0.581791,9.601048
1745415494745,gyroscope,-1,0.0028252518,0.0012980887,-0.0005345071
1745415494927,accelerometer,-1,-0.24181437,0.5674258,9.5795
1745415494927,gyroscope,-1,-0.0008399397,-0.0005345071,0.0006872234
1745415495105,accelerometer,-1,-0.22026655,0.5793968,9.589077
1745415495105,gyroscope,-1,-0.0032834008,-0.0017562376,-0.0005345071
1745415495285,accelerometer,-1,-0.22266077,0.59615624,9.591472
1745415495285,gyroscope,-1,0.0016035213,0.0006872234,7.6358156e-05
1745415495464,accelerometer,-1,-0.22744916,0.60094464,9.572318
1745415495465,gyroscope,-1,0.00038179077,0.0006872234,7.6358156e-05
1745415495645,accelerometer,-1,-0.22266077,0.5746084,9.589077
1745415495645,gyroscope,-1,0.000992656,7.6358156e-05,7.6358156e-05
1745415495825,accelerometer,-1,-0.21787235,0.58418524,9.5795
1745415495825,gyroscope,-1,0.000992656,7.6358156e-05,-0.0005345071
1745415496005,accelerometer,-1,-0.20590134,0.5626374,9.603442
1745415496005,gyroscope,-1,-0.001450805,7.6358156e-05,-0.0005345071
1745415496185,accelerometer,-1,-0.21787235,0.5674258,9.591472
1745415496185,gyroscope,-1,0.0016035213,0.0006872234,-0.0005345071
1745415496365,accelerometer,-1,-0.22026655,0.5746084,9.5795
1745415496365,gyroscope,-1,-0.003894266,-0.0017562376,7.6358156e-05
1745415496545,accelerometer,-1,-0.21068975,0.581791,9.56753
1745415496545,gyroscope,-1,0.0022143866,0.0025198192,7.6358156e-05
1745415496724,accelerometer,-1,-0.23463176,0.59855044,9.562741
1745415496724,gyroscope,-1,-0.001450805,-0.0011453723,7.6358156e-05
1745415496904,accelerometer,-1,-0.22984336,0.56982,9.584289
1745415496905,gyroscope,-1,0.000992656,0.0012980887,7.6358156e-05
1745415497085,accelerometer,-1,-0.22984336,0.581791,9.593865
1745415497085,gyroscope,-1,-0.0020616702,-0.0023671028,7.6358156e-05
1745415497264,accelerometer,-1,-0.21308395,0.5770026,9.598654
1745415497264,gyroscope,-1,0.000992656,0.0012980887,0.0006872234
1745415497443,accelerometer,-1,-0.22744916,0.5602432,9.589077
1745415497443,gyroscope,-1,-0.00022907447,-0.0005345071,-0.0005345071
1745415497624,accelerometer,-1,-0.23223756,0.5674258,9.591472
1745415497624,gyroscope,-1,0.00038179077,7.6358156e-05,7.6358156e-05
1745415497804,accelerometer,-1,-0.22505496,0.58418524,9.601048
1745415497811,gyroscope,-1,-0.00022907447,-0.0005345071,0.0006872234
1745415497985,accelerometer,-1,-0.21547815,0.59136784,9.591472
1745415497985,gyroscope,-1,-0.00022907447,7.6358156e-05,7.6358156e-05
1745415498165,accelerometer,-1,-0.22026655,0.581791,9.593865
1745415498165,gyroscope,-1,-0.0020616702,0.0019089539,-0.0005345071
1745415498345,accelerometer,-1,-0.21787235,0.5602432,9.531616
1745415498345,gyroscope,-1,0.00045814895,-0.0011453723,0.0006872234
1745415498524,accelerometer,-1,-0.23942018,0.5770026,9.605837
1745415498524,gyroscope,-1,0.0010690142,0.0006872234,7.6358156e-05
1745415498705,accelerometer,-1,-0.23463176,0.58897364,9.598654
1745415498705,gyroscope,-1,-0.00015271631,-0.0005345071,-0.0005345071
1745415498885,accelerometer,-1,-0.24420857,0.581791,9.574712
1745415498885,gyroscope,-1,-0.00076358154,-0.0023671028,0.0006872234
1745415499066,accelerometer,-1,-0.20111294,0.58657944,9.577106
1745415499066,gyroscope,-1,-0.00076358154,-0.0011453723,7.6358156e-05
1745415499245,accelerometer,-1,-0.22744916,0.58657944,9.5795
1745415499245,gyroscope,-1,0.00045814895,7.6358156e-05,0.0006872234
1745415499425,accelerometer,-1,-0.21068975,0.5674258,9.59626
1745415499425,gyroscope,-1,0.0010690142,0.0012980887,7.6358156e-05
1745415499604,accelerometer,-1,-0.22026655,0.5746084,9.603442
1745415499604,gyroscope,-1,-0.00076358154,-0.0005345071,0.0006872234
1745415499785,accelerometer,-1,-0.22026655,0.5626374,9.591472
1745415499785,gyroscope,-1,0.00045814895,0.0012980887,7.6358156e-05
1745415499964,accelerometer,-1,-0.22505496,0.5746084,9.586683
1745415499964,gyroscope,-1,0.00045814895,-0.0005345071,7.6358156e-05
1745415500143,accelerometer,-1,-0.21308395,0.58657944,9.601048
1745415500144,gyroscope,-1,-0.00015271631,-0.0005345071,-0.0005345071
1745415500325,accelerometer,-1,-0.22026655,0.5770026,9.584289
1745415500325,gyroscope,-1,-0.00076358154,-0.0017562376,7.6358156e-05
1745415500505,accelerometer,-1,-0.23702596,0.5770026,9.601048
1745415500505,gyroscope,-1,0.0010690142,0.0006872234,7.6358156e-05
1745415500685,accelerometer,-1,-0.23223756,0.58897364,9.586683
1745415500685,gyroscope,-1,-0.0013744468,-0.0005345071,7.6358156e-05
1745415500864,accelerometer,-1,-0.22026655,0.5770026,9.5795
1745415500864,gyroscope,-1,0.00045814895,-0.0005345071,-0.0005345071
1745415501045,accelerometer,-1,-0.22984336,0.5674258,9.591472
1745415501045,gyroscope,-1,0.0016798794,0.0019089539,0.0006872234
1745415501225,accelerometer,-1,-0.22266077,0.58657944,9.589077
1745415501225,gyroscope,-1,0.00045814895,0.0006872234,7.6358156e-05
1745415501405,accelerometer,-1,-0.21068975,0.5770026,9.572318
1745415501405,gyroscope,-1,-0.00015271631,7.6358156e-05,7.6358156e-05
1745415501584,accelerometer,-1,-0.22505496,0.5793968,9.557953
1745415501584,gyroscope,-1,0.0016798794,0.0006872234,7.6358156e-05
1745415501765,accelerometer,-1,-0.22744916,0.58657944,9.586683
1745415501765,gyroscope,-1,0.00045814895,-0.0005345071,-0.0005345071
1745415501945,accelerometer,-1,-0.22505496,0.58418524,9.598654
1745415501945,gyroscope,-1,0.00045814895,0.0012980887,7.6358156e-05
1745415502125,accelerometer,-1,-0.23223756,0.60812724,9.577106
1745415502125,gyroscope,-1,0.00045814895,7.6358156e-05,-0.0005345071
1745415502304,accelerometer,-1,-0.22026655,0.59136784,9.59626
1745415502304,gyroscope,-1,0.0022907446,0.0025198192,7.6358156e-05
1745415502485,accelerometer,-1,-0.22744916,0.5674258,9.5795
1745415502485,gyroscope,-1,-0.0020616702,-0.0017562376,7.6358156e-05
1745415502665,accelerometer,-1,-0.22744916,0.5650316,9.581895
1745415502665,gyroscope,-1,-0.001450805,-0.0005345071,7.6358156e-05
1745415502845,accelerometer,-1,-0.23223756,0.59376204,9.572318
1745415502845,gyroscope,-1,0.00038179077,-0.0011453723,-0.0005345071
1745415503025,accelerometer,-1,-0.23942018,0.5793968,9.586683
1745415503025,gyroscope,-1,0.00038179077,-0.0005345071,-0.0005345071
1745415503205,accelerometer,-1,-0.23463176,0.5722142,9.591472
1745415503205,gyroscope,-1,0.0016035213,0.0006872234,7.6358156e-05
1745415503385,accelerometer,-1,-0.22984336,0.5770026,9.584289
1745415503385,gyroscope,-1,-0.0032834008,-0.0011453723,-0.0005345071
1745415503565,accelerometer,-1,-0.22744916,0.58418524,9.598654
1745415503565,gyroscope,-1,0.000992656,7.6358156e-05,7.6358156e-05
1745415503745,accelerometer,-1,-0.22984336,0.5793968,9.601048
1745415503745,gyroscope,-1,0.0016035213,0.0025198192,7.6358156e-05
1745415503925,accelerometer,-1,-0.22266077,0.5722142,9.574712
1745415503925,gyroscope,-1,0.00038179077,-0.0005345071,-0.0005345071
1745415504104,accelerometer,-1,-0.20590134,0.581791,9.589077
1745415504104,gyroscope,-1,0.0016035213,0.0006872234,-0.0005345071
1745415504285,accelerometer,-1,-0.21547815,0.5793968,9.591472
1745415504285,gyroscope,-1,0.00038179077,-0.0005345071,0.0006872234
1745415504465,accelerometer,-1,-0.22266077,0.5793968,9.584289
1745415504465,gyroscope,-1,0.0022143866,7.6358156e-05,0.0006872234
1745415504645,accelerometer,-1,-0.23942018,0.5722142,9.586683
1745415504645,gyroscope,-1,-0.0026725354,-0.0017562376,7.6358156e-05
1745415504825,accelerometer,-1,-0.21787235,0.5602432,9.601048
1745415504825,gyroscope,-1,0.000992656,-0.0011453723,0.0006872234
1745415505004,accelerometer,-1,-0.22505496,0.5626374,9.584289
1745415505004,gyroscope,-1,0.000992656,0.0006872234,-0.0005345071
1745415505185,accelerometer,-1,-0.21547815,0.581791,9.608231
1745415505185,gyroscope,-1,-0.001450805,-0.0011453723,7.6358156e-05
1745415505365,accelerometer,-1,-0.23223756,0.58897364,9.586683
1745415505365,gyroscope,-1,0.0016035213,0.0006872234,-0.0005345071
1745415505545,accelerometer,-1,-0.21787235,0.5770026,9.610625
1745415505545,gyroscope,-1,0.0016035213,0.0006872234,7.6358156e-05
1745415505726,accelerometer,-1,-0.22744916,0.5793968,9.629779
1745415505726,gyroscope,-1,0.0016035213,7.6358156e-05,0.0006872234
1745415505905,accelerometer,-1,-0.22984336,0.5793968,9.5795
1745415505905,gyroscope,-1,-0.0020616702,-0.0017562376,7.6358156e-05
1745415506085,accelerometer,-1,-0.21308395,0.60333884,9.569923
1745415506085,gyroscope,-1,0.00038179077,0.0006872234,-0.0005345071
1745415506265,accelerometer,-1,-0.21787235,0.5602432,9.598654
1745415506265,gyroscope,-1,0.0022143866,-0.0005345071,7.6358156e-05
1745415506445,accelerometer,-1,-0.22266077,0.56982,9.560347
1745415506445,gyroscope,-1,0.000992656,7.6358156e-05,-0.0005345071
1745415506625,accelerometer,-1,-0.21308395,0.59136784,9.577106
1745415506625,gyroscope,-1,0.0010690142,0.00022907447,0.0006872234
1745415506804,accelerometer,-1,-0.21547815,0.5674258,9.586683
1745415506804,gyroscope,-1,0.0010690142,0.001450805,-0.0005345071
1745415506985,accelerometer,-1,-0.22984336,0.5722142,9.574712
1745415506985,gyroscope,-1,-0.0025961774,-0.0016035213,7.6358156e-05
1745415507163,accelerometer,-1,-0.22505496,0.5746084,9.601048
1745415507163,gyroscope,-1,0.0022907446,0.001450805,7.6358156e-05
1745415507345,accelerometer,-1,-0.23223756,0.5746084,9.557953
1745415507345,gyroscope,-1,-0.0032070426,-0.0016035213,0.0006872234
1745415507525,accelerometer,-1,-0.21308395,0.5674258,9.5795
1745415507525,gyroscope,-1,-0.00076358154,-0.00038179077,7.6358156e-05
1745415507704,accelerometer,-1,-0.22984336,0.5746084,9.586683
1745415507704,gyroscope,-1,-0.0013744468,0.00022907447,7.6358156e-05
1745415507883,accelerometer,-1,-0.20829555,0.5626374,9.591472
1745415507883,gyroscope,-1,-0.00076358154,-0.0016035213,7.6358156e-05
1745415508066,accelerometer,-1,-0.21308395,0.58897364,9.598654
1745415508066,gyroscope,-1,0.00045814895,0.00022907447,7.6358156e-05
1745415508245,accelerometer,-1,-0.21787235,0.5746084,9.584289
1745415508245,gyroscope,-1,-0.00015271631,0.00022907447,-0.0005345071
1745415508425,accelerometer,-1,-0.22505496,0.56982,9.5795
1745415508425,gyroscope,-1,-0.00076358154,-0.00038179077,0.0006872234
1745415508604,accelerometer,-1,-0.23463176,0.5770026,9.5795
1745415508604,gyroscope,-1,0.00045814895,0.00022907447,-0.0005345071
1745415508785,accelerometer,-1,-0.23942018,0.5746084,9.584289
1745415508785,gyroscope,-1,0.00045814895,0.0008399397,7.6358156e-05
1745415508965,accelerometer,-1,-0.21787235,0.5746084,9.591472
1745415508965,gyroscope,-1,0.0016798794,0.00022907447,7.6358156e-05
1745415509145,accelerometer,-1,-0.21547815,0.59136784,9.584289
1745415509145,gyroscope,-1,0.0010690142,0.0008399397,-0.0005345071
1745415509324,accelerometer,-1,-0.21787235,0.5650316,9.5795
1745415509324,gyroscope,-1,0.0022907446,0.001450805,7.6358156e-05
1745415509504,accelerometer,-1,-0.22505496,0.5722142,9.598654
1745415509504,gyroscope,-1,-0.00076358154,-0.00038179077,7.6358156e-05
1745415509685,accelerometer,-1,-0.22266077,0.5554548,9.591472
1745415509685,gyroscope,-1,0.0016798794,0.0008399397,7.6358156e-05
1745415509865,accelerometer,-1,-0.22505496,0.581791,9.598654
1745415509865,gyroscope,-1,-0.00015271631,0.00022907447,7.6358156e-05
1745415510045,accelerometer,-1,-0.22266077,0.5793968,9.586683
1745415510046,gyroscope,-1,-0.00076358154,-0.000992656,7.6358156e-05
1745415510225,accelerometer,-1,-0.22505496,0.5722142,9.584289
1745415510225,gyroscope,-1,0.0016798794,0.001450805,-0.0005345071
1745415510405,accelerometer,-1,-0.21308395,0.5746084,9.591472
1745415510405,gyroscope,-1,-0.0050396384,-0.00038179077,0.0006872234
1745415510585,accelerometer,-1,-0.24660277,0.581791,9.613019
1745415510585,gyroscope,-1,0.012599096,0.008093964,-0.0005345071
1745415510764,accelerometer,-1,-0.22505496,0.56982,9.562741
1745415510764,gyroscope,-1,-0.006337727,-0.0041233404,0.0012980887
1745415510945,accelerometer,-1,-0.22744916,0.5530606,9.589077
1745415510945,gyroscope,-1,-0.003894266,-0.0022907446,7.6358156e-05
1745415511125,accelerometer,-1,-0.23463176,0.5650316,9.577106
1745415511125,gyroscope,-1,0.0028252518,0.0013744468,-0.0005345071
1745415511305,accelerometer,-1,-0.22026655,0.58418524,9.574712
1745415511305,gyroscope,-1,-0.003894266,-0.00290161,7.6358156e-05
1745415511486,accelerometer,-1,-0.23463176,0.62728083,9.605837
1745415511486,gyroscope,-1,0.02603813,-0.010842858,-0.0011453723
1745415511665,accelerometer,-1,-0.20111294,0.6344634,9.56753
1745415511665,gyroscope,-1,-0.001450805,0.00076358154,-0.0005345071
1745415511845,accelerometer,-1,-0.20829555,0.62488663,9.512463
1745415511845,gyroscope,-1,0.00038179077,0.001985312,0.0006872234
1745415512025,accelerometer,-1,-0.22026655,0.62488663,9.603442
1745415512025,gyroscope,-1,0.0064904434,0.0032070426,0.0012980887
1745415512204,accelerometer,-1,-0.31603462,0.36391866,9.26586
1745415512204,gyroscope,-1,-0.042378776,0.036193766,0.004352415
1745415512385,accelerometer,-1,-0.23463176,0.58657944,9.56753
1745415512385,gyroscope,-1,-0.0081703225,-0.0035124752,-0.0011453723
1745415512565,accelerometer,-1,-0.23942018,0.557849,9.5795
1745415512565,gyroscope,-1,0.0046578473,0.0025961774,0.0012980887
1745415512746,accelerometer,-1,-0.22505496,0.59855044,9.581895
1745415512746,gyroscope,-1,0.00038179077,-0.00045814895,-0.0005345071
1745415512925,accelerometer,-1,-0.25139117,0.5626374,9.555558
1745415512925,gyroscope,-1,-0.0081703225,0.011759156,-0.0005345071
1745415513105,accelerometer,-1,-0.062249243,0.49320555,9.830892
1745415513105,gyroscope,-1,0.010155635,0.089949906,0.011682798
1745415513285,accelerometer,-1,0.09816227,-0.18435353,10.982503
1745415513285,gyroscope,-1,-0.15844317,0.123547494,0.10819951
1745415513465,accelerometer,-1,-3.5218706,-1.1611878,17.64347
1745415513465,gyroscope,-1,0.2233476,1.6281086,-0.21616994
1745415513645,accelerometer,-1,0.9720459,2.7964275,9.059958
1745415513645,gyroscope,-1,2.665587,-1.7084373,0.27191138
1745415513824,accelerometer,-1,3.1747115,4.012682,1.5969325
1745415513824,gyroscope,-1,0.7981718,-3.822642,-0.1043816
1745415514005,accelerometer,-1,2.3798366,6.6753335,3.9456444
1745415514005,gyroscope,-1,-0.28000537,-1.1904236,-0.33589953
1745415514184,accelerometer,-1,2.1571758,7.546823,7.4079595
1745415514184,gyroscope,-1,0.1372156,1.1510228,0.3928627
1745415514364,accelerometer,-1,5.174169,5.672163,5.384859
1745415514364,gyroscope,-1,-0.37041342,1.6391041,-0.35117117
1745415514545,accelerometer,-1,-1.697489,4.5154643,10.290578
1745415514545,gyroscope,-1,-2.6367235,1.9365956,0.41179952
1745415514725,accelerometer,-1,6.9195423,7.642591,10.486903
1745415514725,gyroscope,-1,-0.31848988,0.12843442,0.5920048
1745415514905,accelerometer,-1,-0.56982,4.223372,8.368034
1745415514905,gyroscope,-1,0.06818783,-0.27840182,-0.14592044
1745415515085,accelerometer,-1,0.56982,4.537012,8.925883
1745415515085,gyroscope,-1,0.118889645,-0.33948836,-0.1043816
1745415515265,accelerometer,-1,-0.21308395,4.462792,8.542811
1745415515265,gyroscope,-1,-0.10713049,0.257327,0.012293663
1745415515445,accelerometer,-1,-0.050278235,5.269937,7.999327
1745415515445,gyroscope,-1,0.20257819,0.16691893,-0.08666651
1745415515624,accelerometer,-1,-0.5243302,5.2747254,8.2794485
1745415515624,gyroscope,-1,-0.055206947,0.3031419,0.06421721
1745415515805,accelerometer,-1,-0.4165911,5.272331,7.807791
1745415515805,gyroscope,-1,0.112780996,-0.040775254,0.04589125
1745415515985,accelerometer,-1,-0.5386954,5.2292356,8.004115
1745415515985,gyroscope,-1,0.0022143866,0.05757405,-0.017027868
1745415516165,accelerometer,-1,-0.7661445,5.2651486,8.083124
1745415516165,gyroscope,-1,0.0064904434,0.02275473,-0.059788436
1745415516345,accelerometer,-1,-0.8499416,5.2986674,7.728782
1745415516345,gyroscope,-1,0.04192063,0.04352415,0.07826711
1745415516524,accelerometer,-1,-0.50757074,5.257966,8.123826
1745415516524,gyroscope,-1,-0.06314819,-0.011453724,0.008017606
1745415516705,accelerometer,-1,-0.49559975,5.1191025,8.01848
1745415516705,gyroscope,-1,-0.0051159966,0.008093964,0.0006872234
1745415516885,accelerometer,-1,-0.33997664,5.0137577,8.617031
1745415516885,gyroscope,-1,-0.04482224,0.006872234,-0.0139735425
1745415517065,accelerometer,-1,-0.40462008,5.195717,7.9801736
1745415517065,gyroscope,-1,0.06391177,0.00076358154,0.023289237
1745415517245,accelerometer,-1,-0.47884035,5.0975547,8.095096
1745415517245,gyroscope,-1,-0.039935317,0.00015271631,0.0067958757
1745415517423,accelerometer,-1,-0.4309563,5.1334677,8.104672
1745415517424,gyroscope,-1,0.012599096,0.01786781,-0.0048105638
1745415517605,accelerometer,-1,-0.50517654,5.018546,8.300997
1745415517605,gyroscope,-1,-0.025274549,0.008093964,-0.008475755
1745415517784,accelerometer,-1,-0.5315128,5.0568533,8.368034
1745415517784,gyroscope,-1,0.02115121,0.05390886,-0.042073343
1745415517966,accelerometer,-1,-0.58657944,4.9969983,8.195652
1745415517967,gyroscope,-1,-0.0026725354,0.027641652,0.0019089539
1745415518144,accelerometer,-1,-0.7637503,4.9874215,8.533235
1745415518144,gyroscope,-1,-0.06253733,0.06490443,-0.013362677
1745415518324,accelerometer,-1,-0.7182605,5.004181,8.183681
1745415518324,gyroscope,-1,0.028481591,0.045356743,-0.028634308
1745415518504,accelerometer,-1,-0.7038953,4.9969983,8.214806
1745415518505,gyroscope,-1,0.021762075,-0.01695151,-0.00908662
1745415518685,accelerometer,-1,-0.78769237,5.0736127,8.380005
1745415518685,gyroscope,-1,0.038255434,-0.17027868,-0.05795584
1745415518864,accelerometer,-1,-0.581791,5.064036,8.135797
1745415518864,gyroscope,-1,0.0022143866,0.04841107,0.0019089539
1745415519045,accelerometer,-1,-0.6392518,5.2364182,8.135797
1745415519045,gyroscope,-1,-0.024663685,-0.04627304,0.0092393365
1745415519224,accelerometer,-1,-0.58897364,5.198111,7.9298954
1745415519224,gyroscope,-1,0.054748796,0.0038179078,0.03306308
1745415519404,accelerometer,-1,-0.62728083,5.135862,8.336909
1745415519404,gyroscope,-1,-0.030161472,0.0050396384,-0.0005345071
1745415519585,accelerometer,-1,-0.59136784,5.1454387,8.03524
1745415519585,gyroscope,-1,0.0046578473,0.060628377,0.023289237
1745415519765,accelerometer,-1,-0.60094464,5.0736127,8.217199
1745415519765,gyroscope,-1,-0.013057245,-0.024892759,0.0025198192
1745415519945,accelerometer,-1,-0.6727707,5.138256,8.131008
1745415519945,gyroscope,-1,-0.010613783,0.01786781,0.0019089539
1745415520125,accelerometer,-1,-0.5482722,5.0089693,8.119038
1745415520125,gyroscope,-1,0.02603813,0.041691553,0.024510968
1745415520305,accelerometer,-1,-0.6871359,5.0448823,8.3033905
1745415520305,gyroscope,-1,-0.0081703225,-0.015118915,-0.002977968
1745415520485,accelerometer,-1,-0.6751649,5.0688243,8.047212
1745415520485,gyroscope,-1,0.015653422,0.012370021,0.0025198192
1745415520665,accelerometer,-1,-0.58418524,5.078401,8.128614
1745415520665,gyroscope,-1,0.0052687125,-0.012064588,0.008017606
1745415520845,accelerometer,-1,-0.6536171,4.980239,8.363246
1745415520845,gyroscope,-1,-0.02649628,0.004428773,-0.006032294
1745415521025,accelerometer,-1,-0.6775591,4.970662,8.068759
1745415521025,gyroscope,-1,-0.00022907447,0.00870483,0.0019089539
1745415521205,accelerometer,-1,-0.59376204,4.9634795,8.487744
1745415521205,gyroscope,-1,-0.012446379,0.025809057,-0.008475755
1745415521384,accelerometer,-1,-0.6488287,4.934749,8.188469
1745415521384,gyroscope,-1,0.00038179077,-0.013286319,-0.002977968
1745415521566,accelerometer,-1,-0.6919243,5.0017867,8.353669
1745415521566,gyroscope,-1,0.004046982,-0.00045814895,-0.0005345071
1745415521745,accelerometer,-1,-0.7278373,4.9778447,8.210017
1745415521745,gyroscope,-1,0.015042556,0.09605856,0.045280386
1745415521924,accelerometer,-1,-0.6631939,5.076007,8.111855
1745415521925,gyroscope,-1,0.016264288,0.075289145,0.0110719325
1745415522106,accelerometer,-1,-0.8355764,5.159804,8.207623
1745415522106,gyroscope,-1,-0.047265697,-0.06154467,-0.007254025
1745415522285,accelerometer,-1,-1.1659763,4.9275665,8.296208
1745415522285,gyroscope,-1,0.056581393,0.10216721,0.03733914
1745415522465,accelerometer,-1,-0.7493851,5.291485,8.004115
1745415522465,gyroscope,-1,-0.014278975,0.117438845,0.05138904
1745415522644,accelerometer,-1,-0.79966336,5.198111,8.183681
1745415522644,gyroscope,-1,0.0071013086,0.017256944,0.020845776
1745415522825,accelerometer,-1,-1.0510546,5.1669865,8.00651
1745415522825,gyroscope,-1,0.017486017,-0.012064588,-0.016417004
1745415523004,accelerometer,-1,-0.9816227,5.1286793,8.241141
1745415523005,gyroscope,-1,-0.04665483,-0.02611449,0.031230485
1745415523184,accelerometer,-1,-0.92655605,5.2172647,7.8963766
1745415523184,gyroscope,-1,0.00038179077,-0.0071776668,-0.012751812
1745415523365,accelerometer,-1,-1.0654198,5.040094,8.341698
1745415523365,gyroscope,-1,-0.022220224,0.02397646,-0.021914791
1745415523545,accelerometer,-1,-0.9648633,5.138256,7.9059534
1745415523545,gyroscope,-1,0.02603813,0.012370021,-0.00786489
1745415523725,accelerometer,-1,-1.0319009,5.162198,8.226776
1745415523725,gyroscope,-1,-0.0026725354,0.004428773,-0.006032294
1745415523905,accelerometer,-1,-1.0247183,5.1669865,7.9921446
1745415523905,gyroscope,-1,0.03214678,0.04046982,-0.0066431593
1745415524084,accelerometer,-1,-0.9600749,5.0975547,8.248324
1745415524084,gyroscope,-1,-0.010002919,-0.007788532,0.0055741454
1745415524265,accelerometer,-1,-1.0773908,5.1406503,8.059182
1745415524265,gyroscope,-1,0.013209961,0.00015271631,-0.011530082
1745415524445,accelerometer,-1,-1.0175357,5.126285,8.135797
1745415524445,gyroscope,-1,-0.010613783,0.0062613687,0.0025198192
1745415524623,accelerometer,-1,-1.0199299,5.1669865,8.095096
1745415524623,gyroscope,-1,0.016875152,0.011759156,-0.002977968
1745415524804,accelerometer,-1,-1.0414777,5.1167083,8.08073
1745415524804,gyroscope,-1,0.0046578473,-0.01695151,-0.009697486
1745415524985,accelerometer,-1,-1.0295067,5.1454387,8.147768
1745415524985,gyroscope,-1,-0.0032834008,0.008093964,0.0031306844
1745415525165,accelerometer,-1,-1.0630256,5.11192,8.456619
1745415525165,gyroscope,-1,-0.051541757,-0.02977968,0.0006872234
1745415525345,accelerometer,-1,-1.0319009,5.1214967,8.001721
1745415525345,gyroscope,-1,0.016875152,0.030695979,0.0006872234
1745415525524,accelerometer,-1,-1.0271125,5.1909285,8.109461
1745415525524,gyroscope,-1,-0.003894266,0.009315695,-0.008475755
1745415525705,accelerometer,-1,-1.1659763,5.1669865,8.078336
1745415525705,gyroscope,-1,0.0077121737,-0.013897184,-0.006032294
1745415525885,accelerometer,-1,-1.4030021,5.317821,7.1350203
1745415525885,gyroscope,-1,-0.2354122,-0.02611449,-0.102549
1745415526065,accelerometer,-1,-0.9816227,4.2640734,8.858846
1745415526065,gyroscope,-1,-0.04176791,0.047800206,0.11308643
1745415526244,accelerometer,-1,-1.2234371,4.582502,8.190864
1745415526244,gyroscope,-1,-0.1596649,-0.36086863,-0.1501965
1745415526424,accelerometer,-1,-1.520318,3.4763808,9.737517
1745415526424,gyroscope,-1,-0.32337677,-0.088422745,0.26702446
1745415526604,accelerometer,-1,0.06464344,2.5881321,6.914754
1745415526604,gyroscope,-1,0.14882204,0.9195049,1.5620588
1745415526783,accelerometer,-1,0.58418524,1.9416976,8.504503
1745415526784,gyroscope,-1,-0.5481752,-0.50625455,0.5920048
1745415526965,accelerometer,-1,0.842759,1.3718776,6.6537857
1745415526965,gyroscope,-1,-0.11446088,0.43386704,-0.83741987
1745415527144,accelerometer,-1,-0.047884032,0.2705448,15.840637
1745415527144,gyroscope,-1,-1.2531137,-1.6100881,0.59567
1745415527325,accelerometer,-1,0.08619126,1.8267759,12.342409
1745415527325,gyroscope,-1,-0.008781188,0.5572618,0.6323219
1745415527505,accelerometer,-1,-1.0271125,0.9696517,9.526828
1745415527505,gyroscope,-1,-0.3374267,1.5517504,0.32872185
1745415527685,accelerometer,-1,-4.879383,-0.107739076,8.743924
1745415527685,gyroscope,-1,-0.16943875,1.8095356,-0.9125563
1745415527864,accelerometer,-1,-4.122815,0.10295067,7.879617
1745415527864,gyroscope,-1,-0.2653446,-0.7273878,0.69768447
1745415528042,accelerometer,-1,-3.9671922,0.23223756,8.004115
1745415528043,gyroscope,-1,0.2514474,-0.2191479,-0.10132727
1745415528224,accelerometer,-1,-4.0797195,-0.033518825,8.923489
1745415528224,gyroscope,-1,0.24900395,-1.3309226,-0.18379408
1745415528404,accelerometer,-1,-1.6472107,0.94570965,8.466196
1745415528404,gyroscope,-1,0.26977336,-0.36880988,0.031230485
1745415528586,accelerometer,-1,-1.3790601,0.6943185,8.624214
1745415528586,gyroscope,-1,0.05719226,-0.01695151,0.0055741454
1745415528765,accelerometer,-1,0.095768064,0.33758244,15.127165
1745415528765,gyroscope,-1,-0.3991241,-0.3633121,-0.0023671028
1745415528943,accelerometer,-1,-0.1340753,0.37828386,9.591472
1745415528943,gyroscope,-1,-0.01488984,-0.0096211275,-0.0011453723
1745415529124,accelerometer,-1,-0.110133275,0.37588966,9.581895
1745415529124,gyroscope,-1,0.0016035213,0.00076358154,7.6358156e-05
1745415529305,accelerometer,-1,-0.1364695,0.36391866,9.577106
1745415529305,gyroscope,-1,-0.0008399397,-0.00045814895,-0.0005345071
1745415529485,accelerometer,-1,-0.12210429,0.38307226,9.610625
1745415529485,gyroscope,-1,-0.0051159966,-0.00290161,7.6358156e-05
1745415529664,accelerometer,-1,-0.1436521,0.37349546,9.589077
1745415529664,gyroscope,-1,0.000992656,0.00015271631,-0.0005345071
1745415529844,accelerometer,-1,-0.1316811,0.37110126,9.598654
1745415529844,gyroscope,-1,0.00038179077,0.00015271631,-0.0005345071
1745415530024,accelerometer,-1,-0.12210429,0.34715924,9.598654
1745415530024,gyroscope,-1,-0.001450805,-0.0010690142,7.6358156e-05
1745415530204,accelerometer,-1,-0.110133275,0.35434186,9.598654
1745415530204,gyroscope,-1,0.00038179077,-0.00045814895,7.6358156e-05
1745415530385,accelerometer,-1,-0.12449849,0.36152446,9.589077
1745415530385,gyroscope,-1,-0.0008399397,-0.00045814895,7.6358156e-05
1745415530565,accelerometer,-1,-0.12449849,0.35673606,9.613019
1745415530565,gyroscope,-1,0.000992656,0.00015271631,7.6358156e-05
1745415530745,accelerometer,-1,-0.1316811,0.36152446,9.586683
1745415530745,gyroscope,-1,0.0016035213,0.00015271631,-0.0005345071
1745415530924,accelerometer,-1,-0.12449849,0.37110126,9.613019
1745415530925,gyroscope,-1,0.0016035213,0.00015271631,7.6358156e-05
1745415531104,accelerometer,-1,-0.11492168,0.36631286,9.603442
1745415531104,gyroscope,-1,-0.001450805,0.00015271631,7.6358156e-05
1745415531284,accelerometer,-1,-0.1340753,0.36152446,9.584289
1745415531284,gyroscope,-1,0.000992656,0.00076358154,7.6358156e-05
1745415531465,accelerometer,-1,-0.1340753,0.35194764,9.598654
1745415531465,gyroscope,-1,-0.0020616702,-0.0010690142,0.0006872234
1745415531644,accelerometer,-1,-0.12449849,0.34955344,9.615414
1745415531644,gyroscope,-1,0.000992656,0.00076358154,-0.0005345071
1745415531825,accelerometer,-1,-0.12689269,0.36870706,9.610625
1745415531825,gyroscope,-1,-0.001450805,-0.00045814895,7.6358156e-05
1745415532005,accelerometer,-1,-0.11971009,0.37110126,9.598654
1745415532005,gyroscope,-1,0.00038179077,0.00015271631,7.6358156e-05
1745415532184,accelerometer,-1,-0.1340753,0.35673606,9.59626
1745415532184,gyroscope,-1,-0.00022907447,-0.00045814895,-0.0005345071
1745415532364,accelerometer,-1,-0.11492168,0.37588966,9.601048
1745415532364,gyroscope,-1,0.000992656,0.00015271631,-0.0005345071
1745415532545,accelerometer,-1,-0.110133275,0.36870706,9.603442
1745415532545,gyroscope,-1,-0.0008399397,-0.00045814895,-0.0011453723
1745415532725,accelerometer,-1,-0.11492168,0.35434186,9.598654
1745415532725,gyroscope,-1,0.0022143866,0.0013744468,7.6358156e-05
1745415532905,accelerometer,-1,-0.1364695,0.36391866,9.593865
1745415532905,gyroscope,-1,0.000992656,0.0013744468,0.0006872234
1745415533084,accelerometer,-1,-0.12449849,0.35673606,9.59626
1745415533084,gyroscope,-1,-0.0051159966,-0.00290161,-0.0011453723
1745415533265,accelerometer,-1,-0.11731588,0.37349546,9.593865
1745415533265,gyroscope,-1,0.002977968,0.001450805,7.6358156e-05
1745415533445,accelerometer,-1,-0.11971009,0.35673606,9.589077
1745415533445,gyroscope,-1,-0.0012980887,0.00022907447,0.0006872234
1745415533627,accelerometer,-1,-0.1316811,0.35913026,9.59626
1745415533627,gyroscope,-1,0.0035888334,0.001450805,-0.0005345071
1745415533804,accelerometer,-1,-0.12449849,0.37110126,9.598654
1745415533805,gyroscope,-1,-0.004352415,-0.0022143866,-0.0005345071
1745415533985,accelerometer,-1,-0.11492168,0.36631286,9.591472
1745415533985,gyroscope,-1,0.0035888334,0.001450805,0.0006872234
1745415534164,accelerometer,-1,-0.12210429,0.35673606,9.584289
1745415534164,gyroscope,-1,-0.0019089539,-0.000992656,7.6358156e-05
1745415534345,accelerometer,-1,-0.12928689,0.37349546,9.59626
1745415534345,gyroscope,-1,0.0017562376,0.0008399397,-0.0005345071
1745415534524,accelerometer,-1,-0.11731588,0.35673606,9.593865
1745415534524,gyroscope,-1,-0.0012980887,-0.00038179077,7.6358156e-05
1745415534704,accelerometer,-1,-0.11492168,0.34476504,9.610625
1745415534704,gyroscope,-1,0.0005345071,0.0008399397,7.6358156e-05
1745415534885,accelerometer,-1,-0.1340753,0.36152446,9.593865
1745415534885,gyroscope,-1,0.0011453723,0.0008399397,7.6358156e-05
1745415535065,accelerometer,-1,-0.11971009,0.35913026,9.598654
1745415535066,gyroscope,-1,0.0017562376,0.0008399397,0.0006872234
1745415535243,accelerometer,-1,-0.1364695,0.36870706,9.5795
1745415535243,gyroscope,-1,0.002977968,0.001450805,0.0006872234
1745415535425,accelerometer,-1,-0.12928689,0.38067806,9.617807
1745415535425,gyroscope,-1,0.0011453723,-0.00038179077,0.0006872234
1745415535604,accelerometer,-1,-0.1340753,0.35673606,9.598654
1745415535604,gyroscope,-1,-0.0006872234,0.00022907447,0.0006872234
1745415535783,accelerometer,-1,-0.12210429,0.36391866,9.59626
1745415535783,gyroscope,-1,-7.6358156e-05,-0.000992656,-0.0005345071
1745415535964,accelerometer,-1,-0.12928689,0.35913026,9.586683
1745415535964,gyroscope,-1,-0.0025198192,-0.0016035213,7.6358156e-05
1745415536144,accelerometer,-1,-0.1364695,0.35194764,9.59626
1745415536144,gyroscope,-1,0.0017562376,0.001450805,7.6358156e-05
1745415536322,accelerometer,-1,-0.1412579,0.36391866,9.613019
1745415536322,gyroscope,-1,-0.0025198192,-0.0016035213,7.6358156e-05
1745415536505,accelerometer,-1,-0.12928689,0.35913026,9.593865
1745415536505,gyroscope,-1,0.0005345071,-0.00038179077,7.6358156e-05
1745415536684,accelerometer,-1,-0.12689269,0.36631286,9.615414
1745415536685,gyroscope,-1,0.0011453723,0.001450805,7.6358156e-05
1745415536865,accelerometer,-1,-0.11971009,0.37110126,9.610625
1745415536865,gyroscope,-1,0.0023671028,0.001450805,7.6358156e-05
1745415537046,accelerometer,-1,-0.14604631,0.37349546,9.584289
1745415537046,gyroscope,-1,-0.0006872234,0.0008399397,7.6358156e-05
1745415537223,accelerometer,-1,-0.12210429,0.36152446,9.620202
1745415537223,gyroscope,-1,0.0011453723,0.00022907447,7.6358156e-05
1745415537405,accelerometer,-1,-0.11492168,0.36631286,9.605837
1745415537405,gyroscope,-1,-0.0026725354,-0.0010690142,7.6358156e-05
1745415537585,accelerometer,-1,-0.1388637,0.36870706,9.610625
1745415537586,gyroscope,-1,-0.0008399397,0.00015271631,-0.0005345071
1745415537764,accelerometer,-1,-0.1316811,0.39025488,9.605837
1745415537764,gyroscope,-1,0.000992656,0.00076358154,7.6358156e-05
1745415537944,accelerometer,-1,-0.12449849,0.35194764,9.605837
1745415537945,gyroscope,-1,-0.0008399397,-0.00045814895,-0.0005345071
1745415538124,accelerometer,-1,-0.1340753,0.35913026,9.613019
1745415538124,gyroscope,-1,-0.00022907447,0.00015271631,-0.0005345071
1745415538303,accelerometer,-1,-0.11731588,0.33758244,9.613019
1745415538303,gyroscope,-1,0.0016035213,0.00015271631,7.6358156e-05
1745415538484,accelerometer,-1,-0.11731588,0.39025488,9.598654
1745415538484,gyroscope,-1,-0.00022907447,0.00015271631,7.6358156e-05
1745415538664,accelerometer,-1,-0.10295067,0.36391866,9.591472
1745415538664,gyroscope,-1,0.00038179077,0.00015271631,7.6358156e-05
1745415538844,accelerometer,-1,-0.12210429,0.36870706,9.615414
1745415538844,gyroscope,-1,0.000992656,0.00076358154,7.6358156e-05
1745415539025,accelerometer,-1,-0.1388637,0.34955344,9.598654
1745415539025,gyroscope,-1,-0.00022907447,-0.00045814895,7.6358156e-05
1745415539204,accelerometer,-1,-0.12449849,0.36152446,9.608231
1745415539204,gyroscope,-1,-0.00022907447,0.00076358154,7.6358156e-05
1745415539385,accelerometer,-1,-0.11252748,0.35673606,9.59626
1745415539385,gyroscope,-1,-0.0008399397,0.00015271631,7.6358156e-05
1745415539564,accelerometer,-1,-0.11252748,0.37588966,9.601048
1745415539564,gyroscope,-1,-0.0026725354,-0.0010690142,-0.0005345071
1745415539744,accelerometer,-1,-0.11971009,0.35673606,9.603442
1745415539745,gyroscope,-1,-0.00022907447,0.00015271631,7.6358156e-05
1745415539924,accelerometer,-1,-0.12928689,0.35913026,9.586683
1745415539924,gyroscope,-1,0.00038179077,0.00015271631,7.6358156e-05
1745415540103,accelerometer,-1,-0.1364695,0.37110126,9.601048
1745415540103,gyroscope,-1,-0.001450805,-0.00045814895,-0.0005345071
1745415540284,accelerometer,-1,-0.12210429,0.35913026,9.608231
1745415540284,gyroscope,-1,0.00038179077,0.00015271631,-0.0005345071
1745415540464,accelerometer,-1,-0.1316811,0.35673606,9.603442
1745415540464,gyroscope,-1,-0.00022907447,0.00015271631,7.6358156e-05
1745415540644,accelerometer,-1,-0.1316811,0.34955344,9.603442
1745415540644,gyroscope,-1,-0.0026725354,-0.0016798794,7.6358156e-05
1745415540824,accelerometer,-1,-0.10295067,0.36152446,9.591472
1745415540824,gyroscope,-1,0.0028252518,0.001985312,7.6358156e-05
1745415541005,accelerometer,-1,-0.107739076,0.35913026,9.598654
1745415541005,gyroscope,-1,-0.0008399397,0.00015271631,7.6358156e-05
1745415541183,accelerometer,-1,-0.1388637,0.37828386,9.598654
1745415541183,gyroscope,-1,0.0022143866,0.0013744468,0.0006872234
1745415541364,accelerometer,-1,-0.12210429,0.36870706,9.610625
1745415541364,gyroscope,-1,-0.001450805,-0.0010690142,7.6358156e-05
1745415541543,gyroscope,-1,0.00045814895,0.00015271631,7.6358156e-05
1745415541543,accelerometer,-1,-0.11252748,0.36631286,9.603442
1745415541725,accelerometer,-1,-0.12689269,0.35673606,9.610625
1745415541725,gyroscope,-1,0.00045814895,0.00015271631,7.6358156e-05
1745415541905,accelerometer,-1,-0.12449849,0.37110126,9.610625
1745415541905,gyroscope,-1,0.0010690142,0.00076358154,7.6358156e-05
1745415542084,accelerometer,-1,-0.12449849,0.35434186,9.610625
1745415542084,gyroscope,-1,0.00045814895,0.00015271631,7.6358156e-05
1745415542264,accelerometer,-1,-0.110133275,0.36391866,9.59626
1745415542264,gyroscope,-1,-0.00015271631,0.00015271631,7.6358156e-05
1745415542444,accelerometer,-1,-0.12210429,0.37349546,9.598654
1745415542444,gyroscope,-1,-0.00015271631,0.00015271631,7.6358156e-05
1745415542625,accelerometer,-1,-0.107739076,0.35194764,9.608231
1745415542625,gyroscope,-1,-0.00076358154,-0.00045814895,7.6358156e-05
1745415542803,accelerometer,-1,-0.1340753,0.36631286,9.598654
1745415542803,gyroscope,-1,-0.00015271631,-0.00045814895,7.6358156e-05
1745415542984,accelerometer,-1,-0.1388637,0.37349546,9.601048
1745415542984,gyroscope,-1,-0.00015271631,0.00015271631,7.6358156e-05
1745415543164,accelerometer,-1,-0.12928689,0.36152446,9.591472
1745415543165,gyroscope,-1,-0.00076358154,-0.00045814895,7.6358156e-05
1745415543344,accelerometer,-1,-0.1316811,0.35913026,9.59626
1745415543344,gyroscope,-1,-0.00076358154,-0.00045814895,-0.0005345071
1745415543524,accelerometer,-1,-0.12689269,0.34715924,9.598654
1745415543524,gyroscope,-1,-0.001985312,-0.0010690142,-0.0005345071
1745415543704,accelerometer,-1,-0.10534488,0.35194764,9.593865
1745415543705,gyroscope,-1,-0.001985312,-0.0016798794,-0.0005345071
1745415543885,accelerometer,-1,-0.12928689,0.35673606,9.636961
1745415543885,gyroscope,-1,0.0022907446,0.001985312,7.6358156e-05
1745415544067,accelerometer,-1,-0.1364695,0.36631286,9.584289
1745415544067,gyroscope,-1,0.00045814895,0.00015271631,7.6358156e-05
1745415544245,accelerometer,-1,-0.10534488,0.35434186,9.615414
1745415544245,gyroscope,-1,0.00045814895,0.00015271631,7.6358156e-05
1745415544425,accelerometer,-1,-0.1412579,0.34955344,9.589077
1745415544425,gyroscope,-1,-0.00015271631,-0.00045814895,7.6358156e-05
1745415544605,accelerometer,-1,-0.1340753,0.35913026,9.577106
1745415544605,gyroscope,-1,0.0016798794,0.001985312,7.6358156e-05
1745415544785,accelerometer,-1,-0.12928689,0.36391866,9.605837
1745415544785,gyroscope,-1,-0.0032070426,-0.0016798794,-0.0005345071
1745415544965,accelerometer,-1,-0.1316811,0.34715924,9.601048
1745415544965,gyroscope,-1,0.0016798794,0.0013744468,7.6358156e-05
1745415545144,accelerometer,-1,-0.12449849,0.37110126,9.605837
1745415545144,gyroscope,-1,-0.0013744468,-0.00045814895,7.6358156e-05
1745415545324,accelerometer,-1,-0.038307227,0.37110126,9.55077
1745415545324,gyroscope,-1,0.010231993,-0.011453724,-0.0005345071
1745415545505,accelerometer,-1,-0.093373865,0.40701428,9.5052805
1745415545505,gyroscope,-1,-0.0038179078,0.0056505036,7.6358156e-05
1745415545684,accelerometer,-1,-0.110133275,0.35194764,9.581895
1745415545684,gyroscope,-1,-0.00076358154,0.00015271631,0.0006872234
1745415545865,accelerometer,-1,-0.12449849,0.38067806,9.658509
1745415545865,gyroscope,-1,-0.009315695,-0.023060163,-0.0005345071
1745415546044,accelerometer,-1,-0.11971009,0.34955344,9.605837
1745415546044,gyroscope,-1,0.00045814895,-0.013897184,7.6358156e-05
1745415546225,accelerometer,-1,0.0023942017,0.34715924,9.555558
1745415546225,gyroscope,-1,0.0053450707,-0.01572978,-0.0005345071
1745415546405,accelerometer,-1,-0.1388637,0.4405331,9.105449
1745415546405,gyroscope,-1,0.0053450707,0.009315695,7.6358156e-05
1745415546584,accelerometer,-1,-0.10295067,0.36152446,9.229947
1745415546584,gyroscope,-1,0.00290161,0.10888673,0.004352415
1745415546764,accelerometer,-1,-0.0023942017,0.35673606,9.660903
1745415546764,gyroscope,-1,0.0096211275,0.016646078,-0.0005345071
1745415546944,accelerometer,-1,-0.14604631,0.39025488,9.512463
1745415546945,gyroscope,-1,0.015118915,0.03436117,0.0037415496
1745415547124,accelerometer,-1,-0.107739076,0.36391866,9.581895
1745415547125,gyroscope,-1,-0.00015271631,-0.0035124752,7.6358156e-05
1745415547305,accelerometer,-1,-0.10534488,0.37110126,9.574712
1745415547305,gyroscope,-1,0.00045814895,0.006872234,0.0006872234
1745415547484,accelerometer,-1,-0.09816227,0.36391866,9.601048
1745415547484,gyroscope,-1,0.0035124752,-0.0041233404,0.0006872234
1745415547663,accelerometer,-1,-0.095768064,0.36870706,9.593865
1745415547663,gyroscope,-1,-0.00015271631,0.00015271631,-0.0005345071
1745415547844,accelerometer,-1,-0.093373865,0.37110126,9.622596
1745415547844,gyroscope,-1,0.0041233404,-0.00045814895,7.6358156e-05
1745415548023,accelerometer,-1,-0.088585466,0.38307226,9.620202
1745415548023,gyroscope,-1,0.00290161,0.004428773,-0.0005345071
1745415548204,accelerometer,-1,-0.09816227,0.36870706,9.591472
1745415548204,gyroscope,-1,-0.0013744468,-0.005955936,7.6358156e-05
1745415548383,accelerometer,-1,0.10534488,0.7493851,9.883564
1745415548383,gyroscope,-1,-0.35628715,0.08811731,0.4545601
1745415548565,accelerometer,-1,3.2824504,0.48602295,13.546693
1745415548565,gyroscope,-1,-0.6702719,-2.1604776,1.3109932
1745415548744,accelerometer,-1,6.6657567,-1.9129672,9.282619
1745415548744,gyroscope,-1,-0.20662516,-2.7010934,-1.2760211
1745415548924,accelerometer,-1,6.778284,0.82599956,2.504335
1745415548924,gyroscope,-1,1.4414892,-1.8788688,-1.1049789
1745415549104,accelerometer,-1,3.4644098,1.1899183,12.438177
1745415549105,gyroscope,-1,-2.1137464,3.6036468,-0.4928919
1745415549285,accelerometer,-1,6.94109,1.6424223,6.100725
1745415549285,gyroscope,-1,-0.43020186,5.529094,0.3048981
1745415549464,accelerometer,-1,-0.47884035,4.2042184,10.972926
1745415549464,gyroscope,-1,-1.6592628,1.0752755,-1.4690546
1745415549645,accelerometer,-1,-0.5482722,4.685453,8.415918
1745415549645,gyroscope,-1,-0.26893342,1.0062478,-0.25160012
1745415549825,accelerometer,-1,0.49320555,4.3646297,8.087913
1745415549825,gyroscope,-1,0.30833423,0.31719178,0.055665094
1745415550004,accelerometer,-1,-0.093373865,3.6750996,9.639356
1745415550004,gyroscope,-1,-0.23655757,0.26282477,0.13324498
1745415550185,accelerometer,-1,-0.038307227,3.6894648,8.779837
1745415550185,gyroscope,-1,0.17944166,-0.041996986,0.11919508
1745415550363,accelerometer,-1,-0.09816227,3.7541082,8.617031
1745415550363,gyroscope,-1,0.22159137,0.11988231,-0.031688634
1745415550544,accelerometer,-1,-0.37110126,3.8522706,8.9187
1745415550544,gyroscope,-1,-0.13942999,0.0936151,-0.029245174
1745415550725,accelerometer,-1,-0.47644615,3.6128504,8.980949
1745415550725,gyroscope,-1,0.0096211275,0.13942999,-0.0017562376
1745415550905,accelerometer,-1,-0.24660277,4.084508,7.970597
1745415550905,gyroscope,-1,0.5410739,0.5896377,0.32750013
1745415551084,accelerometer,-1,-0.7733272,4.158728,8.813355
1745415551084,gyroscope,-1,0.0041233404,0.15592335,0.106977776
1745415551264,accelerometer,-1,-0.6392518,4.0318356,9.057565
1745415551264,gyroscope,-1,0.03894266,0.061239243,0.03733914
1745415551444,accelerometer,-1,-0.23942018,3.6846764,9.153333
1745415551444,gyroscope,-1,0.020616703,0.08384126,0.3928627
1745415551624,accelerometer,-1,-0.260968,4.0342298,8.540417
1745415551625,gyroscope,-1,0.06093381,0.01786781,-0.05673411
1745415551805,accelerometer,-1,-0.92895025,4.3478703,9.069535
1745415551805,gyroscope,-1,-0.032528576,0.028252518,-0.26503915
1745415551985,accelerometer,-1,-0.61530983,4.072537,8.612243
1745415551985,gyroscope,-1,0.09514226,0.020922136,0.041615196
1745415552165,accelerometer,-1,-0.30166942,3.5003228,9.306561
1745415552165,gyroscope,-1,-0.20051652,0.1742493,0.1381319
1745415552345,accelerometer,-1,-0.40940848,3.8714242,9.07193
1745415552345,gyroscope,-1,0.07437284,0.028252518,-0.09521862
1745415552525,accelerometer,-1,-0.45729253,3.9959226,8.734347
1745415552525,gyroscope,-1,0.063988134,-0.037110064,-0.056123246
1745415552705,accelerometer,-1,-0.4405331,3.9791632,8.648156
1745415552705,gyroscope,-1,0.00290161,0.0025961774,-0.026190847
1745415552885,accelerometer,-1,-0.6871359,4.280833,8.277055
1745415552885,gyroscope,-1,0.2228131,0.3715588,0.0397826
1745415553065,accelerometer,-1,-0.4309563,4.0916905,8.789413
1745415553065,gyroscope,-1,-0.017256944,-0.046883907,0.0110719325
1745415553244,accelerometer,-1,-0.49320555,4.10845,8.5739355
1745415553244,gyroscope,-1,-0.0025961774,-0.038331795,-0.02069306
1745415553424,accelerometer,-1,-0.5410896,4.096479,8.763078
1745415553424,gyroscope,-1,-0.029474247,-0.0010690142,-0.012140946
1745415553606,accelerometer,-1,-0.4213795,3.9983168,8.796597
1745415553606,gyroscope,-1,-0.0038179078,-0.024892759,-0.010308351
1745415553784,accelerometer,-1,-0.48123455,4.0797195,8.779837
1745415553785,gyroscope,-1,-0.018478673,-0.023060163,0.012293663
1745415553964,accelerometer,-1,-0.59136784,4.134786,8.6457615
1745415553964,gyroscope,-1,0.024892759,0.006872234,-0.034742963
1745415554144,accelerometer,-1,-0.39025488,4.0462008,8.57633
1745415554144,gyroscope,-1,-0.038026363,-0.010231993,-0.017638734
1745415554325,accelerometer,-1,-0.61052144,4.027047,9.07193
1745415554325,gyroscope,-1,-0.027641652,0.024587326,-0.018860465
1745415554504,accelerometer,-1,-0.49559975,4.0462008,8.648156
1745415554504,gyroscope,-1,0.0035124752,-0.012675454,-0.018860465
1745415554685,accelerometer,-1,-0.4381389,4.003105,8.791808
1745415554685,gyroscope,-1,-0.006872234,-0.054825157,0.0006872234
1745415554864,accelerometer,-1,-0.45010993,4.1156325,8.674492
1745415554864,gyroscope,-1,0.01817324,-0.02733622,-0.012140946
1745415555045,accelerometer,-1,-0.320823,4.0892963,8.5260515
1745415555045,gyroscope,-1,0.052381694,-0.04016439,7.6358156e-05
1745415555225,accelerometer,-1,-0.32561144,3.9863458,8.9163065
1745415555225,gyroscope,-1,-0.04046982,-0.0053450707,0.014126259
1745415555404,accelerometer,-1,-0.4357447,4.0940847,8.708011
1745415555404,gyroscope,-1,0.052381694,0.08933904,0.020845776
1745415555584,accelerometer,-1,-0.4261679,4.098873,8.691252
1745415555584,gyroscope,-1,-0.011759156,-0.01450805,-0.010919216
1745415555764,accelerometer,-1,-0.46686932,4.015076,8.861239
1745415555764,gyroscope,-1,0.0016798794,-0.04138612,-0.012140946
1745415555944,accelerometer,-1,-0.44532153,4.10845,8.6218195
1745415555944,gyroscope,-1,-0.0062613687,-0.02367103,0.035506543
1745415556124,accelerometer,-1,-0.37588966,4.0581717,8.724771
1745415556124,gyroscope,-1,0.01572978,-0.008399397,-0.01947133
1745415556305,accelerometer,-1,-0.521936,4.1611223,8.571542
1745415556305,gyroscope,-1,-0.010537425,-0.0022907446,-0.0005345071
1745415556484,accelerometer,-1,-0.40701428,4.039018,8.712799
1745415556484,gyroscope,-1,-0.008093964,0.0013744468,-0.007254025
1745415556664,accelerometer,-1,-0.59615624,4.158728,8.813355
1745415556664,gyroscope,-1,-0.0056505036,-0.011453724,0.004352415
1745415556844,accelerometer,-1,-0.36870706,4.0414124,8.81575
1745415556844,gyroscope,-1,-0.00870483,-0.005955936,-0.0048105638
1745415557025,accelerometer,-1,-0.533907,4.0821137,8.909123
1745415557025,gyroscope,-1,-0.00076358154,0.0025961774,-0.012140946
1745415557204,accelerometer,-1,-0.34476504,4.010288,8.705617
1745415557204,gyroscope,-1,-0.011148291,0.008093964,0.0055741454
1745415557385,accelerometer,-1,-0.92655605,4.309563,8.724771
1745415557385,gyroscope,-1,0.04138612,0.05513059,0.0012980887
1745415557564,accelerometer,-1,-0.35434186,3.9983168,8.569147
1745415557564,gyroscope,-1,0.0346666,0.18035796,0.070936725
1745415557744,accelerometer,-1,-0.6991069,4.2161894,8.81575
1745415557744,gyroscope,-1,0.024892759,0.05085453,0.12224941
1745415557924,accelerometer,-1,-0.7517793,4.3023806,8.715194
1745415557925,gyroscope,-1,0.1421789,0.15042557,0.3018438
1745415558104,accelerometer,-1,-0.6895301,4.5298295,8.300997
1745415558104,gyroscope,-1,0.14645495,0.13942999,0.019013181
1745415558284,accelerometer,-1,-0.50038815,4.582502,8.406342
1745415558284,gyroscope,-1,-0.044135015,-0.13423763,-0.064064495
1745415558463,accelerometer,-1,-1.1779473,4.8626237,8.487744
1745415558463,gyroscope,-1,-0.02031127,-0.037110064,-0.006032294
1745415558647,accelerometer,-1,-0.545878,4.6160207,8.3033905
1745415558647,gyroscope,-1,0.020616703,-0.034055736,0.04589125
1745415558823,accelerometer,-1,-0.5626374,4.6255975,8.674492
1745415558823,gyroscope,-1,-0.09239337,-0.075594574,-0.027412578
1745415559002,accelerometer,-1,-0.5626374,4.596867,8.3824
1745415559002,gyroscope,-1,-0.012370021,-0.025503624,-0.007254025
1745415559184,accelerometer,-1,-0.6584055,4.5872903,8.590695
1745415559184,gyroscope,-1,-0.07223482,-0.02977968,-0.024969118
1745415559363,accelerometer,-1,-0.44532153,4.498705,8.518868
1745415559364,gyroscope,-1,-0.021533,-0.069485925,-0.0139735425
1745415559543,accelerometer,-1,-0.6392518,4.534618,8.497321
1745415559543,gyroscope,-1,-0.008093964,0.030695979,-0.015806139
1745415559723,accelerometer,-1,-0.9935937,4.465186,9.1629095
1745415559723,gyroscope,-1,-0.17730364,-0.12812899,0.0055741454
1745415559903,accelerometer,-1,-0.5434838,4.6686935,8.3512745
1745415559903,gyroscope,-1,-0.06918049,-0.24602598,-0.05551238
1745415560082,accelerometer,-1,-0.5602432,4.510676,8.602666
1745415560082,gyroscope,-1,-0.052687127,-0.0346666,-0.06467536
1745415560263,accelerometer,-1,-0.6368576,4.5992613,8.41113
1745415560263,gyroscope,-1,0.03772093,-0.033444874,-0.0139735425
1745415560443,accelerometer,-1,-0.6655881,4.5441947,8.324939
1745415560443,gyroscope,-1,0.045662176,0.011148291,-0.05429065
1745415560623,accelerometer,-1,-0.5530606,4.5418005,8.55957
1745415560623,gyroscope,-1,-0.019089539,0.0154243475,0.027565295
1745415560804,accelerometer,-1,-0.51954174,4.5513773,8.540417
1745415560804,gyroscope,-1,0.005955936,-0.04260785,-0.006032294
1745415560983,accelerometer,-1,-0.60573304,4.5441947,8.466196
1745415560983,gyroscope,-1,-0.0025961774,0.027641652,0.0110719325
1745415561163,accelerometer,-1,-0.46447513,4.4963107,8.473379
1745415561164,gyroscope,-1,-0.01786781,0.027641652,0.007406741
1745415561343,accelerometer,-1,-0.6344634,4.5561657,8.652945
1745415561344,gyroscope,-1,0.01450805,0.0025961774,-0.043295074
1745415561523,accelerometer,-1,-0.49081135,4.4675803,8.39437
1745415561523,gyroscope,-1,0.0016798794,-0.0096211275,0.023289237
1745415561703,accelerometer,-1,-0.50757074,4.51307,8.554782
1745415561703,gyroscope,-1,-0.024587326,0.006872234,-0.035353824
1745415561883,accelerometer,-1,-0.5530606,4.4915223,8.588301
1745415561883,gyroscope,-1,0.013897184,0.024587326,-0.0017562376
1745415562063,accelerometer,-1,-0.5746084,4.5441947,8.53084
1745415562063,gyroscope,-1,-0.007483099,-0.065209866,-0.044516806
1745415562242,accelerometer,-1,-0.46686932,4.4963107,8.612243
1745415562242,gyroscope,-1,-0.014202617,0.0013744468,0.004352415
1745415562423,accelerometer,-1,-0.40940848,4.4603977,8.437466
1745415562423,gyroscope,-1,0.020005837,-0.0035124752,0.007406741
1745415562603,accelerometer,-1,-0.50996494,4.4699745,8.533235
1745415562603,gyroscope,-1,-0.011148291,0.013591751,0.009850202
1745415562783,accelerometer,-1,-0.11492168,4.43885,8.329727
1745415562786,gyroscope,-1,0.06093381,-0.12812899,0.1924989
1745415562963,accelerometer,-1,-0.25617957,4.5561657,8.435072
1745415562963,gyroscope,-1,-0.028252518,-0.01572978,-0.075670935
1745415563143,accelerometer,-1,-0.3854665,4.606444,8.569147
1745415563143,gyroscope,-1,0.013897184,-0.017562376,-0.031688634
1745415563324,accelerometer,-1,-0.33039984,4.584896,8.456619
1745415563324,gyroscope,-1,0.010231993,-0.027947085,-0.006032294
1745415563504,accelerometer,-1,-0.32800564,4.5753193,8.523658
1745415563504,gyroscope,-1,0.01450805,-0.0041233404,-0.013362677
1745415563683,accelerometer,-1,-0.30645782,4.5418005,8.633791
1745415563683,gyroscope,-1,0.0010690142,-0.0035124752,-0.0011453723
1745415563863,accelerometer,-1,-0.33279404,4.5992613,8.447042
1745415563863,gyroscope,-1,-0.017256944,-0.019394971,-0.023747386
1745415564043,accelerometer,-1,-0.50757074,4.733337,8.475773
1745415564043,gyroscope,-1,0.029168816,-0.018784106,-0.037797287
1745415564223,accelerometer,-1,-0.16519992,4.5274353,8.3033905
1745415564223,gyroscope,-1,0.023060163,0.01786781,0.054443367
1745415564403,accelerometer,-1,-0.31603462,4.654328,8.533235
1745415564403,gyroscope,-1,-0.02275473,0.011148291,-0.006032294
1745415564583,accelerometer,-1,-0.45010993,4.5633483,8.617031
1745415564583,gyroscope,-1,-0.021533,-0.031001411,-0.048181996
1745415564763,accelerometer,-1,-0.1388637,4.4963107,8.497321
1745415564763,gyroscope,-1,-0.029474247,-0.035277467,0.020845776
1745415564944,accelerometer,-1,-0.59615624,4.7261543,8.193257
1745415564944,gyroscope,-1,0.054825157,-0.043218717,-0.07933612
1745415565122,accelerometer,-1,-0.29688102,4.5202527,8.528446
1745415565123,gyroscope,-1,-0.06612616,0.05757405,0.08620836
1745415565303,accelerometer,-1,-0.29209262,4.2305546,8.772655
1745415565303,gyroscope,-1,-0.11377365,0.10888673,-0.0005345071
1745415565484,accelerometer,-1,-0.50996494,4.5058875,8.272266
1745415565484,gyroscope,-1,0.020005837,-0.031001411,-0.067118816
1745415565663,accelerometer,-1,-0.5793968,3.964798,8.954614
1745415565663,gyroscope,-1,-0.29947668,0.009315695,-0.21067216
1745415565843,accelerometer,-1,-0.8475474,4.0892963,8.897153
1745415565843,gyroscope,-1,-0.037415497,0.009315695,-0.075670935
1745415566023,accelerometer,-1,-2.384625,4.084508,6.694487
1745415566023,gyroscope,-1,-0.06856962,-0.0022907446,-0.10377073
1745415566202,accelerometer,-1,-3.916914,2.918532,7.1398087
1745415566202,gyroscope,-1,-0.7796168,0.09850202,0.14668402
1745415566383,accelerometer,-1,1.7429788,1.9273324,9.869199
1745415566383,gyroscope,-1,0.09086621,0.73807794,0.8943831
1745415566563,accelerometer,-1,0.78529817,1.2330139,9.80695
1745415566563,gyroscope,-1,-0.65500027,0.3465133,0.90782213
1745415566743,accelerometer,-1,-6.01214,0.78050977,11.11179
1745415566743,gyroscope,-1,-0.42287147,2.958573,-1.4275157
1745415566923,accelerometer,-1,-2.006341,0.9911995,6.196493
1745415566924,gyroscope,-1,-0.35201108,0.6592763,0.23953554
1745415567103,accelerometer,-1,-2.0207062,2.920926,14.238617
1745415567103,gyroscope,-1,2.6332874,-0.1947133,0.62376976
1745415567284,accelerometer,-1,-1.0055647,0.15562311,17.444752
1745415567284,gyroscope,-1,-0.6647741,-1.6504052,-0.6370561
1745415567463,accelerometer,-1,-1.4867992,0.6440403,9.708787
1745415567463,gyroscope,-1,0.054825157,-0.36147952,-0.022525655
1745415567644,accelerometer,-1,-0.37349546,0.7637503,8.406342
1745415567644,gyroscope,-1,-0.06307184,-0.78786343,0.0092393365
1745415567823,accelerometer,-1,-0.1388637,0.5434838,9.478944
1745415567823,gyroscope,-1,0.02367103,0.038026363,-0.0005345071
1745415568003,accelerometer,-1,-0.1364695,0.44771573,9.720758
1745415568003,gyroscope,-1,-0.001985312,-0.0022907446,-0.0005345071
1745415568183,accelerometer,-1,-0.18195933,0.47165772,9.581895
1745415568183,gyroscope,-1,0.0047342055,0.0038179078,7.6358156e-05
1745415568362,accelerometer,-1,-0.17477672,0.44771573,9.557953
1745415568362,gyroscope,-1,-0.012370021,-0.0071776668,7.6358156e-05
1745415568542,accelerometer,-1,-0.15562311,0.45010993,9.601048
1745415568542,gyroscope,-1,0.0035124752,0.0013744468,7.6358156e-05
1745415568723,accelerometer,-1,-0.17238252,0.44771573,9.5795
1745415568723,gyroscope,-1,0.0022907446,0.00076358154,7.6358156e-05
1745415568903,accelerometer,-1,-0.15801731,0.48602295,9.610625
1745415568903,gyroscope,-1,0.00290161,0.00076358154,7.6358156e-05
1745415569082,accelerometer,-1,-0.18435353,0.46686932,9.589077
1745415569082,gyroscope,-1,0.0010690142,0.00015271631,7.6358156e-05
1745415569262,accelerometer,-1,-0.16519992,0.47165772,9.5795
1745415569262,gyroscope,-1,-0.0032070426,-0.0010690142,7.6358156e-05
1745415569443,accelerometer,-1,-0.17956513,0.46208093,9.56753
1745415569443,gyroscope,-1,-0.00015271631,0.00015271631,7.6358156e-05
1745415569624,accelerometer,-1,-0.15562311,0.45968673,9.598654
1745415569624,gyroscope,-1,-0.001985312,-0.0010690142,7.6358156e-05
1745415569803,accelerometer,-1,-0.16998832,0.45729253,9.603442
1745415569803,gyroscope,-1,-0.00015271631,0.00015271631,-0.0005345071
1745415569983,accelerometer,-1,-0.15801731,0.48362875,9.557953
1745415569983,gyroscope,-1,0.0016798794,-0.00045814895,7.6358156e-05
1745415570163,accelerometer,-1,-0.16998832,0.45010993,9.577106
1745415570163,gyroscope,-1,-0.00076358154,-0.00045814895,-0.0005345071
1745415570343,accelerometer,-1,-0.16519992,0.45489833,9.589077
1745415570343,gyroscope,-1,0.00045814895,0.00015271631,7.6358156e-05
1745415570523,accelerometer,-1,-0.15322891,0.45010993,9.593865
1745415570524,gyroscope,-1,-0.00015271631,0.00015271631,7.6358156e-05
1745415570703,accelerometer,-1,-0.16998832,0.4429273,9.586683
1745415570703,gyroscope,-1,-0.00015271631,-0.00045814895,7.6358156e-05
1745415570882,accelerometer,-1,-0.1436521,0.46447513,9.593865
1745415570882,gyroscope,-1,0.00045814895,0.00015271631,-0.0005345071
1745415571062,accelerometer,-1,-0.1604115,0.46447513,9.598654
1745415571062,gyroscope,-1,0.00045814895,0.0013744468,7.6358156e-05
1745415571243,accelerometer,-1,-0.17238252,0.48602295,9.605837
1745415571243,gyroscope,-1,0.01450805,0.00870483,0.0019089539
1745415571424,accelerometer,-1,-0.17238252,0.4405331,9.591472
1745415571424,gyroscope,-1,0.0053450707,0.0056505036,7.6358156e-05
1745415571603,accelerometer,-1,-0.4309563,0.60812724,14.791977
1745415571603,gyroscope,-1,0.09941832,-0.14889841,0.0006872234
1745415571783,accelerometer,-1,1.4269443,0.18674773,15.246875
1745415571783,gyroscope,-1,-0.06001751,-0.5563455,0.5388595
1745415571963,accelerometer,-1,10.685621,2.1619642,7.7886376
1745415571963,gyroscope,-1,1.8843665,-6.0877304,-2.4122305
1745415572144,accelerometer,-1,0.7517793,1.30484,4.6806645
1745415572144,gyroscope,-1,-4.1027236,-2.5520422,-3.5081227
1745415572323,accelerometer,-1,0.02633622,6.893206,3.1890767
1745415572323,gyroscope,-1,-1.2487613,0.18524489,-0.47945285
1745415572503,accelerometer,-1,2.3127987,9.502886,4.1802764
1745415572503,gyroscope,-1,-0.27748555,-0.053603426,-0.65660375
1745415572683,accelerometer,-1,1.6663644,5.6889224,4.187459
1745415572683,gyroscope,-1,0.9295842,0.7099781,0.56818104
1745415572863,accelerometer,-1,8.3033905,6.6011133,4.9754505
1745415572863,gyroscope,-1,0.013897184,-0.33093625,2.3977225
1745415573043,accelerometer,-1,9.763854,5.2364182,1.9009962
1745415573043,gyroscope,-1,-0.7985536,-1.4891367,2.449646
1745415573223,accelerometer,-1,6.65618,0.51475334,-0.5674258
1745415573223,gyroscope,-1,-0.46318856,-1.7157677,2.232178
1745415573402,accelerometer,-1,8.988132,2.4947581,-3.3159695
1745415573404,gyroscope,-1,-0.36728272,-0.5636759,0.25297457
1745415573617,accelerometer,-1,10.563518,0.50757074,0.9864111
1745415573617,gyroscope,-1,-1.7698293,1.1943942,-0.37132972
1745415573762,accelerometer,-1,10.22354,0.8810662,1.2186487
1745415573762,gyroscope,-1,-1.1815661,0.8028296,-0.31574097
1745415573941,accelerometer,-1,7.3935943,-0.5363012,7.726388
1745415573941,gyroscope,-1,-0.64644814,0.28787026,-1.725618
1745415574121,accelerometer,-1,6.6298437,0.8882488,4.9754505
1745415574121,gyroscope,-1,-1.5700763,-1.4488196,-1.7488308
1745415574302,accelerometer,-1,7.877223,0.1364695,4.9419317
1745415574302,gyroscope,-1,-1.2670872,-2.1140518,-0.09399689
1745415574482,accelerometer,-1,5.8780646,1.316811,8.229171
1745415574482,gyroscope,-1,-0.3678936,3.2963815,-2.2796726
1745415574663,accelerometer,-1,7.376835,-1.3335704,6.1270614
1745415574663,gyroscope,-1,-0.56337047,2.700788,-0.9510408
1745415574842,accelerometer,-1,5.80145,1.0845734,11.449371
1745415574842,gyroscope,-1,1.0114402,-1.401783,-1.870393
1745415575022,accelerometer,-1,3.4572272,3.5122938,7.9298954
1745415575022,gyroscope,-1,0.043829583,1.4509577,0.047112983
1745415575201,accelerometer,-1,-0.5722142,3.7205894,10.551546
1745415575201,gyroscope,-1,2.1525364,0.22922719,0.121638544
1745415575382,accelerometer,-1,1.6496049,5.75596,10.115802
1745415575382,gyroscope,-1,1.3932309,1.3807082,1.9249127
1745415575564,accelerometer,-1,-0.050278235,5.964256,4.331111
1745415575564,gyroscope,-1,0.16355917,1.3929255,0.9878455
1745415575742,accelerometer,-1,3.3207579,11.808502,5.336975
1745415575742,gyroscope,-1,0.07925977,0.45707992,0.7196756
1745415575923,accelerometer,-1,1.1994951,7.0655885,5.566818
1745415575923,gyroscope,-1,0.45982882,0.3220787,1.0513754
1745415576159,accelerometer,-1,0.8643068,6.7974377,4.7261543
1745415576159,gyroscope,-1,0.3651447,0.93966347,-0.1184315
1745415576281,accelerometer,-1,1.6065093,8.466196,3.9097314
1745415576281,gyroscope,-1,0.3914119,0.75701475,0.42890376
1745415576460,accelerometer,-1,0.9648633,8.837297,3.7852328
1745415576460,gyroscope,-1,-0.66721755,0.9042333,0.1521818
1745415576641,accelerometer,-1,1.8818425,7.7862434,3.2920272
1745415576641,gyroscope,-1,-0.38621956,1.0618365,0.30428725
1745415576821,accelerometer,-1,1.1851299,8.767866,5.722441
1745415576821,gyroscope,-1,-1.0264063,-0.35842517,-0.6773732
1745415577001,gyroscope,-1,-1.5651895,0.18463401,-1.1440742
1745415577001,accelerometer,-1,0.2657564,3.9001546,14.169185
1745415577180,accelerometer,-1,-0.7182605,2.9592333,7.8365216
1745415577180,gyroscope,-1,0.76159626,-0.99067074,-1.8587866
1745415577360,accelerometer,-1,-0.56982,2.9400797,10.5707
1745415577360,gyroscope,-1,-0.8217665,-0.817185,-2.3028855
1745415577540,accelerometer,-1,2.8275523,1.0319009,9.20361
1745415577540,gyroscope,-1,-0.6440047,-1.2961034,-0.9913579
1745415577720,accelerometer,-1,2.8898015,4.896442,3.7062242
1745415577720,gyroscope,-1,0.81107634,1.9402608,-1.0542771
1745415577900,gyroscope,-1,1.2600623,-0.87949324,-1.1391873
1745415577900,accelerometer,-1,3.7181952,2.552219,9.184457
1745415578081,accelerometer,-1,0.62967503,1.3096284,11.897087
1745415578081,gyroscope,-1,-2.1778872,-2.5978572,-2.1281781
1745415578261,accelerometer,-1,0.15801731,-0.16998832,9.31135
1745415578261,gyroscope,-1,-1.4588989,-1.0450377,-1.2393693
1745415578441,accelerometer,-1,4.4675803,0.91219085,9.732729
1745415578441,gyroscope,-1,-0.42470407,-0.44638976,0.44173193
1745415578620,accelerometer,-1,3.9552212,-0.5793968,7.532458
1745415578621,gyroscope,-1,0.34376442,0.024587326,0.38369974
1745415578801,accelerometer,-1,3.2800562,1.0390835,5.1645923
1745415578801,gyroscope,-1,0.43844852,-0.72616607,-0.35666895
1745415578982,accelerometer,-1,5.2531776,-0.49799395,8.4231
1745415578982,gyroscope,-1,0.31505376,0.15470162,1.3360387
1745415579161,accelerometer,-1,6.443096,0.47644615,11.4876795
1745415579161,gyroscope,-1,0.2875648,-0.24663684,1.0104475
1745415579341,accelerometer,-1,3.5769374,-0.20350714,7.8221564
1745415579341,gyroscope,-1,0.26923886,-0.18555032,0.054443367
1745415579521,accelerometer,-1,3.7565024,-0.6440403,8.425495
1745415579521,gyroscope,-1,0.7432703,-0.04444045,0.022067508
1745415579701,gyroscope,-1,0.5691737,0.117438845,0.09476047
1745415579701,accelerometer,-1,2.779668,0.81163436,8.928277
1745415579880,accelerometer,-1,2.9113493,0.89064306,7.0991073
1745415579880,gyroscope,-1,-0.50778174,-0.28695396,0.5254205
1745415580059,accelerometer,-1,4.5561657,-0.33997664,8.789413
1745415580059,gyroscope,-1,0.02367103,0.2677117,0.4124104
1745415580241,accelerometer,-1,3.8714242,-0.9576807,10.017639
1745415580241,gyroscope,-1,0.075594574,-0.04505131,-0.46967903
1745415580419,gyroscope,-1,-0.37705657,0.085673854,-0.51793736
1745415580419,accelerometer,-1,2.954445,-1.3215994,8.056788
1745415580600,accelerometer,-1,3.098097,-0.6631939,8.277055
1745415580600,gyroscope,-1,0.0035124752,0.07651087,-0.26320657
1745415580780,accelerometer,-1,2.7126305,-1.4652514,10.307338
1745415580780,gyroscope,-1,0.02977968,-0.008399397,0.07704538
1745415580959,accelerometer,-1,2.3295584,-1.2162545,8.025663
1745415580959,gyroscope,-1,0.06154467,0.07162395,0.4001931
1745415581139,accelerometer,-1,3.098097,-0.090979666,8.636185
1745415581139,gyroscope,-1,-0.06001751,0.05085453,0.43317983
1745415581320,accelerometer,-1,3.8762126,-1.0031705,9.605837
1745415581320,gyroscope,-1,0.35537085,0.1217149,0.13080151
1745415581501,accelerometer,-1,2.7102363,-1.6424223,8.638579
1745415581501,gyroscope,-1,-0.15958855,0.2744312,-0.34567338
1745415581680,accelerometer,-1,2.291251,-1.448492,8.672098
1745415581680,gyroscope,-1,-0.23350324,0.054519724,-0.34261903
1745415581860,accelerometer,-1,2.8299465,-0.62967503,10.714352
1745415581860,gyroscope,-1,0.182496,-0.09086621,-0.006032294
1745415582043,accelerometer,-1,0.33518824,-1.8914193,8.93546
1745415582043,gyroscope,-1,-0.32146785,0.011148291,-0.04879286
1745415582221,accelerometer,-1,2.0638018,-0.770933,8.877999
1745415582221,gyroscope,-1,-0.117438845,0.0777326,0.5920048
1745415582401,accelerometer,-1,3.406949,-1.3215994,10.182839
1745415582401,gyroscope,-1,0.30772337,0.04596761,0.036728274
1745415582580,accelerometer,-1,1.6089035,-2.1547816,8.377611
1745415582581,gyroscope,-1,-0.18768835,0.07162395,-0.5600871
1745415582758,accelerometer,-1,2.348712,-1.2617443,8.368034
1745415582758,gyroscope,-1,-0.15897769,0.025198191,-0.45135304
1745415582939,accelerometer,-1,3.1148565,-1.4269443,9.816526
1745415582939,gyroscope,-1,0.21365012,-0.09208794,-0.24549147
1745415583118,accelerometer,-1,1.946486,-1.7429788,8.851663
1745415583118,gyroscope,-1,-0.2958115,0.1516473,-0.5283221
1745415583298,accelerometer,-1,2.7365725,-2.4708161,9.285013
1745415583298,gyroscope,-1,-0.44974953,0.16875152,-1.0609965
1745415583480,accelerometer,-1,3.4165258,-2.8179753,8.837297
1745415583480,gyroscope,-1,-0.00870483,0.2591596,-1.9821813
1745415583659,accelerometer,-1,2.0949266,-3.5194764,8.830115
1745415583659,gyroscope,-1,-0.34345898,0.47051895,-2.4604888
1745415583840,accelerometer,-1,1.7262194,-3.0238767,9.1150255
1745415583840,gyroscope,-1,-0.4980079,0.24816401,-2.3126595
1745415584020,accelerometer,-1,2.4851813,-2.0853498,9.780613
1745415584020,gyroscope,-1,-0.07284568,-0.094531395,-1.7995327
1745415584199,accelerometer,-1,2.5833437,-2.8634653,9.325715
1745415584199,gyroscope,-1,-0.14676037,0.40210205,-1.7243962
1745415584379,accelerometer,-1,1.6903064,-2.207454,9.320927
1745415584379,gyroscope,-1,-0.606131,0.14126259,-2.0964131
1745415584559,accelerometer,-1,2.8419175,-2.3295584,9.270648
1745415584559,gyroscope,-1,-0.36545014,-0.06582073,-2.0414352
1745415584740,accelerometer,-1,1.6376339,-3.3255463,8.928277
1745415584740,gyroscope,-1,-0.68310004,0.06918049,-2.0872502
1745415584921,accelerometer,-1,1.4077905,-1.520318,8.739136
1745415584921,gyroscope,-1,-0.44791695,0.30497447,-1.2350931
1745415585101,accelerometer,-1,1.4293385,-1.7142484,10.853215
1745415585101,gyroscope,-1,-0.069791354,0.037415497,-0.45990518
1745415585281,accelerometer,-1,0.8403648,-2.2960393,8.494926
1745415585281,gyroscope,-1,-0.15409076,-0.15806139,0.15279266
1745415585460,accelerometer,-1,1.70946,-1.2282255,8.602666
1745415585460,gyroscope,-1,-0.078343466,-0.08659015,0.31650457
1745415585640,accelerometer,-1,3.5817258,-1.7812861,9.184457
1745415585640,gyroscope,-1,0.4072944,-0.1330159,0.17417295
1745415585821,accelerometer,-1,2.2361844,-2.6408045,9.131784
1745415585821,gyroscope,-1,0.06765333,0.29092458,0.22120957
1745415586001,accelerometer,-1,1.2018893,-1.4556746,9.419088
1745415586001,gyroscope,-1,0.1366811,-0.2228131,-0.013362677
1745415586179,accelerometer,-1,0.4141969,-3.6511576,10.7359
1745415586179,gyroscope,-1,0.050549097,0.1956296,0.717843
1745415586360,accelerometer,-1,1.769315,-1.5107412,8.221988
1745415586360,gyroscope,-1,0.07192938,-0.072540246,0.6934084
1745415586540,accelerometer,-1,2.0087352,-1.0127473,9.711182
1745415586541,gyroscope,-1,0.1910481,-0.088422745,0.27985263
1745415586720,accelerometer,-1,1.6328455,-1.5227122,10.513239
1745415586721,gyroscope,-1,-0.24022275,0.08078693,-0.16180293
1745415586901,accelerometer,-1,0.7398083,-0.93852705,7.764695
1745415586901,gyroscope,-1,0.1049161,0.14859296,-0.021303926
1745415587081,accelerometer,-1,0.62488663,-2.0685902,10.812514
1745415587081,gyroscope,-1,0.26435193,-0.45372015,0.40263656
1745415587261,accelerometer,-1,-0.6775591,-1.2880806,6.890812
1745415587261,gyroscope,-1,-0.05024367,-0.35353827,0.3580434
1745415587441,accelerometer,-1,1.2210429,-1.6759412,8.147768
1745415587441,gyroscope,-1,-0.15347989,-0.31322116,0.5040402
1745415587620,accelerometer,-1,2.3678656,-3.41892,10.431836
1745415587620,gyroscope,-1,-0.03191771,-0.037110064,-0.112322845
1745415587800,accelerometer,-1,1.934515,-3.7493198,8.813355
1745415587800,gyroscope,-1,0.11407909,0.36972618,-0.3450625
1745415587980,accelerometer,-1,1.4149733,-2.2242134,9.304167
1745415587980,gyroscope,-1,-0.14065172,0.006872234,-0.5277112
1745415588159,accelerometer,-1,0.6368576,-2.813187,9.706393
1745415588159,gyroscope,-1,0.33337972,-0.053603426,-0.036575556
1745415588340,accelerometer,-1,1.4317327,-2.1883004,7.558794
1745415588341,gyroscope,-1,0.045662176,-0.06093381,0.20899227
1745415588520,accelerometer,-1,1.733402,-1.8962077,9.562741
1745415588520,gyroscope,-1,0.016340645,-0.08597928,0.02695443
1745415588702,accelerometer,-1,1.1133038,-3.2154129,10.553941
1745415588702,gyroscope,-1,-0.089949906,0.22739458,-0.47395507
1745415588880,accelerometer,-1,2.1212628,-2.7724855,8.265083
1745415588880,gyroscope,-1,-0.4185954,0.10705414,-0.5808565
1745415589062,accelerometer,-1,1.9991584,-2.6910827,9.402329
1745415589062,gyroscope,-1,0.19776763,0.08445212,-0.26015225
1745415589240,accelerometer,-1,1.5011644,-2.183512,10.407894
1745415589240,gyroscope,-1,-0.12415836,-0.08659015,0.5064837
1745415589419,accelerometer,-1,1.1085154,-2.2625206,8.578724
1745415589419,gyroscope,-1,0.34987307,0.10705414,0.5089271
1745415589599,accelerometer,-1,0.7685388,-1.0486604,10.187628
1745415589599,gyroscope,-1,-0.03191771,-0.27473664,0.41118866
1745415589779,accelerometer,-1,1.1468226,-1.7238252,10.336068
1745415589779,gyroscope,-1,0.0010690142,-0.16172658,0.3684281
1745415589959,accelerometer,-1,0.7038953,-1.673547,8.066365
1745415589959,gyroscope,-1,0.24969117,-0.26984972,0.76976657
1745415590139,accelerometer,-1,0.8643068,-2.1452048,9.783008
1745415590139,gyroscope,-1,0.43478334,-0.26923886,1.3726906
1745415590319,accelerometer,-1,0.6440403,-2.4037786,9.246706
1745415590319,gyroscope,-1,0.26313022,-0.08597928,2.0538054
1745415590499,gyroscope,-1,-0.08689558,-0.10186178,1.7001144
1745415590499,accelerometer,-1,0.46208093,-1.8411411,9.364022
1745415590681,accelerometer,-1,1.6424223,-1.520318,9.826103
1745415590681,gyroscope,-1,-0.100334615,-0.17333302,1.339093
1745415590860,accelerometer,-1,0.89543146,-3.502717,10.371981
1745415590860,gyroscope,-1,0.3193298,-0.38041633,0.69524103
1745415591041,accelerometer,-1,0.32800564,-2.243367,9.00968
1745415591041,gyroscope,-1,0.29794952,-0.3914119,0.59567
1745415591219,accelerometer,-1,0.9528923,-2.896984,8.985738
1745415591219,gyroscope,-1,0.7799222,-0.23258694,1.3384821
1745415591399,accelerometer,-1,0.20111294,-2.695871,9.56753
1745415591400,gyroscope,-1,0.6638578,-0.09697486,1.7587574
1745415591526,accelerometer,-1,0.9911995,-0.78529817,8.717587
1745415591526,accelerometer,-1,0.8690952,-1.4197617,9.828497
1745415591539,accelerometer,-1,0.7254431,-1.5873557,9.648932
1745415591560,accelerometer,-1,1.352724,-0.91219085,9.5052805
1745415591579,accelerometer,-1,1.7764976,-0.35434186,8.461408
1745415591579,gyroscope,-1,0.29000828,-0.43967026,1.8986455
1745415591599,accelerometer,-1,1.0175357,-0.9911995,9.591472
1745415591619,accelerometer,-1,0.0023942017,-1.4221559,10.5323925
1745415591639,accelerometer,-1,0.82360536,-1.0175357,10.034399
1745415591659,accelerometer,-1,1.2401965,-0.79966336,9.56753
1745415591679,accelerometer,-1,1.8004397,-0.61530983,8.973767
1745415591700,accelerometer,-1,0.85473,-1.1563994,8.571542
1745415591720,accelerometer,-1,1.4532804,-1.0319009,9.261071
1745415591739,accelerometer,-1,2.2649148,-0.7493851,8.899547
1745415591760,accelerometer,-1,2.0231004,-0.33279404,8.346486
1745415591760,gyroscope,-1,0.5874997,0.09605856,1.7453184
1745415591780,accelerometer,-1,2.315193,0.0023942017,8.243536
1745415591800,accelerometer,-1,2.0039468,-0.01436521,8.727164
1745415591822,accelerometer,-1,2.4827871,-0.10295067,8.449437
1745415591840,accelerometer,-1,2.5737667,-0.22505496,8.545205
1745415591860,accelerometer,-1,2.5953147,-0.06943185,8.995315
1745415591879,accelerometer,-1,2.767697,0.39025488,8.655338
1745415591899,accelerometer,-1,2.195483,0.15083471,9.237129
1745415591920,accelerometer,-1,2.3822308,-0.40701428,9.962572
1745415591940,accelerometer,-1,2.1930888,-0.3878607,10.352827
1745415591940,gyroscope,-1,0.03772093,-0.098807454,1.2236395
1745415591960,accelerometer,-1,2.7389667,-0.011971008,9.969755
1745415591980,accelerometer,-1,2.4947581,0.10534488,10.048764
1745415592000,accelerometer,-1,2.44448,-0.016759412,10.407894
1745415592020,accelerometer,-1,3.383007,0.6536171,9.80695
1745415592040,accelerometer,-1,2.0278888,0.4429273,10.539576
1745415592059,accelerometer,-1,1.8124107,0.37349546,11.047146
1745415592080,accelerometer,-1,2.2098482,0.21787235,11.030387
1745415592099,accelerometer,-1,2.9233203,0.521936,10.249877
1745415592120,accelerometer,-1,1.7908629,0.10295067,9.821315
1745415592120,gyroscope,-1,0.67057735,0.20295998,0.7520515
1745415592140,accelerometer,-1,2.468422,-0.074220255,9.847651
1745415592160,accelerometer,-1,2.4349031,-0.45968673,9.775825
1745415592179,accelerometer,-1,2.6431987,-0.39983168,8.825327
1745415592200,accelerometer,-1,2.2697031,-0.8595184,8.593089
1745415592219,accelerometer,-1,2.2625206,-0.8834604,8.664915
1745415592240,accelerometer,-1,3.1268275,-0.79726917,8.427889
1745415592260,accelerometer,-1,3.9743748,-0.35673606,7.4438725
1745415592280,accelerometer,-1,3.7588966,0.2896984,7.1948752
1745415592301,accelerometer,-1,2.755726,-0.19871874,8.406342
1745415592301,gyroscope,-1,0.26007587,0.30680707,0.3103959
1745415592319,accelerometer,-1,2.4061728,-0.32800564,9.251494
1745415592339,accelerometer,-1,3.0765493,0.15322891,8.9163065
1745415592359,accelerometer,-1,3.1435869,0.59855044,8.310574
1745415592380,accelerometer,-1,2.9472623,0.62728083,8.777443
1745415592399,accelerometer,-1,2.815581,0.35434186,8.897153
1745415592420,accelerometer,-1,2.6048915,-0.023942016,9.328109
1745415592440,accelerometer,-1,3.098097,0.51235914,8.995315
1745415592459,accelerometer,-1,2.8275523,0.7374141,8.27466
1745415592480,accelerometer,-1,2.2529438,0.39025488,8.794202
1745415592480,gyroscope,-1,-0.14859296,0.012980887,0.031230485
1745415592500,accelerometer,-1,2.7341783,0.47644615,9.474155
1745415592520,accelerometer,-1,2.4899697,0.5770026,9.148544
1745415592541,accelerometer,-1,2.3223755,0.6919243,8.863634
1745415592560,accelerometer,-1,1.9081788,0.055066638,9.718364
1745415592580,accelerometer,-1,2.8395233,0.23942018,10.338462
1745415592599,accelerometer,-1,2.5450363,0.6392518,10.173263
1745415592620,accelerometer,-1,1.6903064,0.5650316,10.1660795
1745415592640,accelerometer,-1,1.520318,-0.074220255,10.740688
1745415592660,accelerometer,-1,1.8315643,-0.6655881,11.327268
1745415592660,gyroscope,-1,-0.3135266,-0.118966006,-0.13981178
1745415592680,accelerometer,-1,1.7788919,-0.7086837,11.025599
1745415592699,accelerometer,-1,2.1787236,-0.0023942017,10.486903
1745415592720,accelerometer,-1,1.6591818,-0.019153614,10.2379055
1745415592740,accelerometer,-1,1.6687586,-0.24181437,10.398317
1745415592759,accelerometer,-1,1.6017209,-1.3263878,10.470143
1745415592780,accelerometer,-1,1.934515,-1.5059528,11.011233
1745415592800,accelerometer,-1,2.2577322,-1.2976574,10.259454
1745415592819,accelerometer,-1,2.0278888,-0.48362875,10.032004
1745415592840,accelerometer,-1,1.4987702,0.8858546,8.961796
1745415592840,gyroscope,-1,-0.039858956,-0.056046885,0.37575847
1745415592859,accelerometer,-1,0.6679823,0.35673606,8.104672
1745415592879,accelerometer,-1,1.5179238,-0.8714894,8.17171
1745415592900,accelerometer,-1,2.621651,-1.6089035,8.655338
1745415592919,accelerometer,-1,2.707842,-1.1947067,8.542811
1745415592939,accelerometer,-1,2.6408045,-0.5626374,7.618649
1745415592960,accelerometer,-1,2.2050598,-0.89064306,8.198046
1745415592980,accelerometer,-1,2.1284454,-0.8523358,8.698434
1745415592999,accelerometer,-1,1.910573,-0.90021986,8.976161
1745415593020,accelerometer,-1,1.8962077,-0.12449849,8.877999
1745415593020,gyroscope,-1,-0.38683042,-0.087201014,-0.02069306
1745415593040,accelerometer,-1,1.7764976,0.016759412,8.583512
1745415593060,accelerometer,-1,1.958457,-0.08140286,8.861239
1745415593079,accelerometer,-1,2.2529438,-0.35434186,8.839692
1745415593100,accelerometer,-1,2.0949266,-0.35434186,8.928277
1745415593119,accelerometer,-1,1.7669208,-0.4237737,9.232341
1745415593139,accelerometer,-1,1.9800048,-0.7637503,9.584289
1745415593160,accelerometer,-1,2.1739352,-0.5482722,9.251494
1745415593179,accelerometer,-1,2.5929205,-0.33518824,9.275436
1745415593200,accelerometer,-1,2.2218192,-0.22026655,9.395146
1745415593200,gyroscope,-1,0.13545936,-0.0065668016,0.030619621
1745415593219,accelerometer,-1,1.99437,-0.49799395,9.5531645
1745415593239,accelerometer,-1,2.018312,-0.5267244,9.737517
1745415593259,accelerometer,-1,2.147599,-0.7206547,10.072706
1745415593279,accelerometer,-1,2.6120741,-1.1324574,10.963348
1745415593299,accelerometer,-1,3.4380736,-0.7493851,10.5707
1745415593319,accelerometer,-1,2.480393,-0.6488287,10.003274
1745415593340,accelerometer,-1,0.94570965,-1.7070658,9.785401
1745415593359,accelerometer,-1,2.837129,-1.0199299,10.910676
1745415593380,accelerometer,-1,2.7485435,-1.4149733,9.589077
1745415593380,gyroscope,-1,-0.39171734,-0.23808473,-0.4489096
1745415593400,accelerometer,-1,4.0821137,-0.62967503,7.1948752
1745415593419,accelerometer,-1,2.4636335,-0.50996494,7.0153103
1745415593439,accelerometer,-1,1.8770541,-1.2569559,9.14615
1745415593459,accelerometer,-1,2.5115175,-2.4971523,9.160515
1745415593480,accelerometer,-1,1.9991584,-3.1651347,10.139744
1745415593500,accelerometer,-1,2.3199813,-2.7605145,8.3512745
1745415593520,accelerometer,-1,1.2808979,-1.6256629,11.700763
1745415593539,accelerometer,-1,1.6879122,-1.5945383,9.598654
1745415593560,accelerometer,-1,1.9967642,-1.6400281,8.322544
1745415593560,gyroscope,-1,-0.0154243475,-0.06765333,-0.28458685
1745415593580,accelerometer,-1,1.316811,-1.9919758,8.583512
1745415593599,accelerometer,-1,1.9369092,-2.2050598,9.19164
1745415593619,accelerometer,-1,2.0614076,-1.7022774,8.6697035
1745415593640,accelerometer,-1,1.9656396,-1.42455,7.927501
1745415593659,accelerometer,-1,2.0709844,-1.6232687,8.123826
1745415593680,accelerometer,-1,2.2050598,-1.8770541,8.729559
1745415593700,accelerometer,-1,2.135628,-1.9321208,9.29459
1745415593719,accelerometer,-1,2.1452048,-1.4939818,9.270648
1745415593739,accelerometer,-1,1.8267759,-1.388637,9.641749
1745415593739,gyroscope,-1,-0.00015271631,0.042913284,-0.23938282
1745415593760,accelerometer,-1,1.6041151,-1.4772224,10.106225
1745415593780,accelerometer,-1,1.6136919,-1.8028339,10.71914
1745415593800,accelerometer,-1,1.9776106,-1.8052281,11.423036
1745415593820,accelerometer,-1,1.8052281,-1.5682021,10.62816
1745415593839,accelerometer,-1,2.6288335,-0.78769237,10.31452
1745415593860,accelerometer,-1,0.6607997,-2.2864625,10.245089
1745415593880,accelerometer,-1,2.5713725,-1.4628572,10.4605665
1745415593900,accelerometer,-1,1.5370775,-2.0566192,10.084677
1745415593920,accelerometer,-1,2.6623523,-0.7517793,9.107842
1745415593921,gyroscope,-1,-0.101556346,-0.037110064,0.42707115
1745415593939,accelerometer,-1,1.5753847,-0.92416185,8.284237
1745415593960,accelerometer,-1,0.81163436,-1.520318,8.384793
1745415593981,accelerometer,-1,1.1683705,-1.8411411,8.746318
1745415594000,accelerometer,-1,1.7741034,-2.15957,8.901941
1745415594019,accelerometer,-1,1.4053963,-2.2098482,9.435848
1745415594040,accelerometer,-1,0.9744401,-1.8770541,9.902718
1745415594060,accelerometer,-1,1.1899183,-1.4987702,8.727164
1745415594079,accelerometer,-1,1.4987702,-1.8267759,7.975385
1745415594099,accelerometer,-1,2.4301147,-2.0925324,8.631396
1745415594099,gyroscope,-1,0.02733622,-0.0047342055,0.29817858
1745415594119,accelerometer,-1,2.054225,-2.3654714,8.734347
1745415594139,accelerometer,-1,1.7860745,-1.5586253,7.79582
1745415594159,accelerometer,-1,1.8267759,-1.412579,8.317756
1745415594180,accelerometer,-1,1.5658079,-1.6112977,9.584289
1745415594199,accelerometer,-1,1.8579005,-0.9768343,9.062353
1745415594219,accelerometer,-1,1.757344,-1.0199299,9.483732
1745415594239,accelerometer,-1,2.2625206,-1.1109096,9.933842
1745415594258,accelerometer,-1,2.1308396,-1.115698,9.754277
1745415594279,accelerometer,-1,2.2122424,-1.6232687,9.957784
1745415594279,gyroscope,-1,0.1947133,0.001985312,0.14057536
1745415594299,accelerometer,-1,2.0135236,-2.0135236,10.199598
1745415594319,accelerometer,-1,1.9560628,-1.99437,10.5084505
1745415594338,accelerometer,-1,2.2481554,-1.8076223,10.053553
1745415594360,accelerometer,-1,2.3463178,-2.1092918,9.493309
1745415594381,accelerometer,-1,2.7102363,-2.0638018,9.354445
1745415594400,accelerometer,-1,2.0039468,-2.0446482,9.893141
1745415594420,accelerometer,-1,0.9504981,-2.8921957,9.69921
1745415594439,accelerometer,-1,2.066196,-2.396596,10.609007
1745415594459,accelerometer,-1,1.8531121,-2.147599,9.325715
1745415594459,gyroscope,-1,-0.2939789,0.12843442,-0.3187953
1745415594481,accelerometer,-1,2.2505496,-1.328782,8.727164
1745415594499,accelerometer,-1,1.2114661,-1.8124107,8.387188
1745415594519,accelerometer,-1,1.3263878,-2.3223755,9.122208
1745415594541,accelerometer,-1,1.8818425,-2.0446482,9.000103
1745415594559,accelerometer,-1,1.7238252,-2.1428106,9.002498
1745415594579,accelerometer,-1,1.5873557,-2.456451,8.901941
1745415594601,accelerometer,-1,1.3982137,-2.3080103,8.9641905
1745415594618,accelerometer,-1,1.6759412,-1.9512744,8.746318
1745415594639,accelerometer,-1,1.3263878,-1.8052281,8.3033905
1745415594639,gyroscope,-1,-0.21151209,0.0032070426,-0.13981178
1745415594661,accelerometer,-1,1.5586253,-1.7884687,8.372823
1745415594679,accelerometer,-1,1.6136919,-2.0159178,8.277055
1745415594699,accelerometer,-1,1.8914193,-1.9895816,8.221988
1745415594721,accelerometer,-1,2.030283,-1.9752164,8.336909
1745415594739,accelerometer,-1,1.934515,-1.8770541,8.78702
1745415594759,accelerometer,-1,1.8866309,-1.9369092,9.275436
1745415594781,accelerometer,-1,1.7357962,-1.8435353,9.380781
1745415594799,accelerometer,-1,1.9416976,-2.0853498,9.756671
1745415594819,accelerometer,-1,2.1021092,-2.2744915,9.672874
1745415594820,gyroscope,-1,0.02611449,-0.05665775,0.07582365
1745415594840,accelerometer,-1,1.2593501,-2.8562827,10.585065
1745415594859,accelerometer,-1,1.2234371,-3.1771057,11.047146
1745415594879,accelerometer,-1,1.1563994,-2.669535,10.891522
1745415594900,accelerometer,-1,0.92895025,-2.327164,10.908282
1745415594999,gyroscope,-1,0.13179417,0.055741455,0.67141724
1745415595162,accelerometer,-1,0.5674258,-2.4277205,10.711958
1745415595162,accelerometer,-1,0.47884035,-2.3894134,11.150097
1745415595162,accelerometer,-1,1.1875241,-1.9249382,10.024822
1745415595162,accelerometer,-1,1.5610195,-1.2689269,8.904335
1745415595162,accelerometer,-1,1.115698,-0.62249243,8.159739
1745415595162,accelerometer,-1,0.1364695,-1.448492,8.217199
1745415595162,accelerometer,-1,0.59136784,-2.3870192,8.528446
1745415595162,accelerometer,-1,1.3599066,-2.27928,8.535628
1745415595162,accelerometer,-1,1.0414777,-1.5849615,8.427889
1745415595162,accelerometer,-1,0.50996494,-1.2066777,7.747936
1745415595162,accelerometer,-1,0.45250413,-1.9273324,7.8006086
1745415595180,gyroscope,-1,0.5636759,0.052687127,0.5394704
1745415595340,accelerometer,-1,0.91697925,-2.1763294,8.516475
1745415595340,accelerometer,-1,0.80924016,-1.6256629,8.67928
1745415595341,accelerometer,-1,0.6775591,-1.1563994,7.913136
1745415595341,accelerometer,-1,0.61291564,-1.1228806,8.3033905
1745415595341,accelerometer,-1,1.0534488,-1.1252748,8.897153
1745415595341,accelerometer,-1,1.13964,-0.94810385,9.354445
1745415595341,accelerometer,-1,1.1827357,-0.82599956,9.196428
1745415595341,accelerometer,-1,1.2593501,-0.6775591,9.586683
1745415595341,accelerometer,-1,1.5825673,-0.7661445,10.2618475
1745415595359,gyroscope,-1,0.31444287,0.30741793,0.11614075
1745415595520,accelerometer,-1,1.6376339,-0.79726917,10.49648
1745415595520,accelerometer,-1,1.8866309,-0.79487497,9.876381
1745415595520,accelerometer,-1,1.982399,-0.8523358,9.627384
1745415595520,accelerometer,-1,2.3678656,-0.5386954,9.730335
1745415595520,accelerometer,-1,2.420538,-0.7230489,10.664074
1745415595520,accelerometer,-1,2.5737667,-0.4165911,10.3097315
1745415595520,accelerometer,-1,2.432509,0.32561144,10.168474
1745415595521,accelerometer,-1,0.24420857,0.4357447,10.618584
1745415595521,accelerometer,-1,-0.7685388,0.49799395,11.085453
1745415595539,gyroscope,-1,-0.07345655,0.65377855,-0.8673523
1745415595700,accelerometer,-1,0.2705448,-0.04070143,10.2139635
1745415595700,accelerometer,-1,1.7812861,-0.8475474,9.718364
1745415595700,accelerometer,-1,2.0326772,-0.7326257,8.6457615
1745415595700,accelerometer,-1,1.2641385,-0.8714894,8.760683
1745415595700,accelerometer,-1,0.4189853,-2.2577322,8.822932
1745415595700,accelerometer,-1,1.3239936,-2.066196,8.887576
1745415595701,accelerometer,-1,0.60333884,-1.2234371,9.038411
1745415595701,accelerometer,-1,0.33997664,-0.9864111,9.069535
1745415595701,accelerometer,-1,0.45250413,-1.1755531,8.607454
1745415595720,gyroscope,-1,-0.25060746,0.1553125,-1.0719922
1745415595881,accelerometer,-1,0.10055647,-1.2234371,8.803779
1745415595881,accelerometer,-1,-0.18914193,-0.8403648,8.497321
1745415595881,accelerometer,-1,-0.6919243,-0.62728083,8.676887
1745415595881,accelerometer,-1,-0.45729253,-0.9552865,8.806173
1745415595881,accelerometer,-1,-0.12928689,-0.7374141,8.454226
1745415595881,accelerometer,-1,-0.7398083,-0.7541735,8.605061
1745415595881,accelerometer,-1,-0.6655881,-1.0151415,9.361628
1745415595881,accelerometer,-1,-0.82360536,-1.0534488,10.345645
1745415595881,accelerometer,-1,-0.9959879,-0.62728083,10.489297
1745415595900,gyroscope,-1,0.18188512,0.1217149,-0.4525748
1745415596061,accelerometer,-1,-1.2401965,-0.6751649,10.709563
1745415596061,accelerometer,-1,-0.9864111,-1.0199299,11.322479
1745415596061,accelerometer,-1,-1.0366893,-0.9600749,11.660062
1745415596061,accelerometer,-1,-2.0973208,-0.7469909,14.015956
1745415596061,accelerometer,-1,-1.2330139,-1.2521675,12.342409
1745415596061,accelerometer,-1,-0.6607997,-0.8355764,11.245865
1745415596061,accelerometer,-1,-1.1875241,-1.1947067,11.042357
1745415596061,accelerometer,-1,-1.8171991,-1.1300632,11.403882
1745415596061,accelerometer,-1,-1.8387469,-1.352724,11.425429
1745415596081,gyroscope,-1,0.22403483,0.3098614,0.6311002
1745415596241,accelerometer,-1,-0.80684596,-1.5275006,10.589853
1745415596241,accelerometer,-1,0.011971008,-0.7326257,8.923489
1745415596241,accelerometer,-1,-0.7158663,-0.8738836,8.67928
1745415596241,accelerometer,-1,-0.79248077,-0.9528923,8.4231
1745415596241,accelerometer,-1,-0.12928689,-1.0055647,8.368034
1745415596241,accelerometer,-1,-0.20829555,-1.0007763,8.961796
1745415596241,accelerometer,-1,-0.5530606,-0.04070143,8.911518
1745415596241,accelerometer,-1,-1.0510546,-0.6392518,8.933065
1745415596241,accelerometer,-1,0.17956513,-0.18435353,9.167698
1745415596259,gyroscope,-1,0.07925977,-0.09086621,0.41546473
1745415596420,accelerometer,-1,0.5482722,-0.31364042,8.48535
1745415596420,accelerometer,-1,0.7206547,-0.08379706,7.5180926
1745415596421,accelerometer,-1,0.19871874,0.50517654,6.4095774
1745415596421,accelerometer,-1,-1.1731589,0.30885202,6.467038
1745415596421,accelerometer,-1,-1.3910311,-0.39264908,6.988974
1745415596421,accelerometer,-1,-0.90021986,-0.05267244,8.20044
1745415596421,accelerometer,-1,-0.39264908,-0.2873042,8.356063
1745415596421,accelerometer,-1,0.16280572,-0.31124622,7.4797854
1745415596421,accelerometer,-1,0.46447513,0.24660277,7.1015015
1745415596439,gyroscope,-1,1.347416,1.9879082,1.3427582
1745415596599,accelerometer,-1,-0.866701,0.49081135,7.9179244
1745415596601,accelerometer,-1,-3.086126,0.11252748,8.044817
1745415596601,accelerometer,-1,-4.417302,0.40701428,9.62499
1745415596601,accelerometer,-1,-4.417302,0.92895025,10.067918
1745415596601,accelerometer,-1,-3.4835634,1.5753847,10.1900215
1745415596601,accelerometer,-1,-2.5091233,1.5849615,10.247482
1745415596601,accelerometer,-1,-3.193865,1.3431472,10.529999
1745415596601,accelerometer,-1,-3.8594532,1.4556746,10.889129
1745415596601,accelerometer,-1,-3.8714242,1.6663644,11.183616
1745415596619,gyroscope,-1,0.52213705,-0.8025242,-1.7329483
1745415596780,accelerometer,-1,-4.63278,1.352724,12.521975
1745415596780,accelerometer,-1,-4.896442,-1.1420342,12.335226
1745415596780,accelerometer,-1,-2.0973208,-0.19871874,11.791742
1745415596780,accelerometer,-1,0.5746084,1.6400281,10.369587
1745415596780,accelerometer,-1,0.46926352,1.9393034,9.804555
1745415596780,accelerometer,-1,-0.48123455,1.3431472,9.246706
1745415596780,accelerometer,-1,-0.89543146,1.3120226,9.703999
1745415596781,accelerometer,-1,0.1388637,1.3263878,11.056723
1745415596781,accelerometer,-1,0.91937345,1.1492168,12.055105
1745415596800,gyroscope,-1,0.52213705,-0.54901516,-0.86796314
1745415596961,accelerometer,-1,0.45729253,0.9792285,12.766183
1745415596961,accelerometer,-1,-0.62728083,0.89543146,12.620136
1745415596961,accelerometer,-1,-0.9911995,0.79487497,11.1931925
1745415596961,accelerometer,-1,-0.7158663,0.79966336,10.357615
1745415596961,accelerometer,-1,-0.5434838,1.508347,10.233117
1745415596961,accelerometer,-1,-1.4221559,2.3702598,9.964967
1745415596961,accelerometer,-1,-2.3080103,3.1771057,8.976161
1745415596961,accelerometer,-1,-2.1667526,3.6535518,7.7670894
1745415596961,accelerometer,-1,-2.0973208,4.3742065,6.6154785
1745415596980,gyroscope,-1,3.3186781,-1.7078265,-1.8123609
1745415597141,accelerometer,-1,-1.6089035,5.0448823,6.3521166
1745415597141,accelerometer,-1,-1.6065093,5.992986,6.9841857
1745415597141,accelerometer,-1,-2.6527755,7.070377,7.4462667
1745415597141,accelerometer,-1,-2.8778305,7.156568,7.486968
1745415597141,accelerometer,-1,-2.123657,6.988974,7.666533
1745415597141,accelerometer,-1,-1.8722657,7.367258,7.644985
1745415597141,accelerometer,-1,-1.6950948,7.4893622,7.726388
1745415597141,accelerometer,-1,-1.4700398,7.7455416,8.01848
1745415597142,accelerometer,-1,-0.7469909,7.927501,7.951443
1745415597159,gyroscope,-1,-0.11560625,-0.5508477,1.4307227
1745415597320,accelerometer,-1,0.4285621,6.950667,7.6617446
1745415597320,accelerometer,-1,1.541866,5.336975,7.10629
1745415597320,accelerometer,-1,3.0813377,4.3263226,6.7088523
1745415597320,accelerometer,-1,4.235343,3.8714242,6.7806783
1745415597320,accelerometer,-1,4.220978,3.7541082,7.237971
1745415597321,accelerometer,-1,4.012682,3.4045548,7.154174
1745415597321,accelerometer,-1,3.7349546,3.727772,7.178116
1745415597321,accelerometer,-1,3.53863,4.2042184,6.7615247
1745415597322,accelerometer,-1,3.1124623,3.8594532,6.1988873
1745415597341,gyroscope,-1,0.25457808,0.4008803,0.27130052
1745415597500,accelerometer,-1,2.5139117,3.6296098,5.5213284
1745415597500,accelerometer,-1,2.5617957,3.8474822,4.9778447
1745415597500,accelerometer,-1,2.669535,4.225766,4.537012
1745415597500,accelerometer,-1,2.5330653,4.5202527,3.8307228
1745415597500,accelerometer,-1,2.384625,5.0137577,3.655946
1745415597500,accelerometer,-1,2.3439236,5.602731,4.060566
1745415597501,accelerometer,-1,2.542642,6.1653686,4.584896
1745415597501,accelerometer,-1,2.3343468,6.6657567,5.5476646
1745415597501,accelerometer,-1,2.0087352,7.036858,6.3377514
1745415597520,gyroscope,-1,-0.0917825,1.7008016,-0.022525655
1745415597680,accelerometer,-1,2.2170308,7.5396404,6.9075713
1745415597680,accelerometer,-1,2.516306,7.877223,7.4678144
1745415597680,accelerometer,-1,2.5067291,7.970597,7.793426
1745415597680,accelerometer,-1,1.7980455,7.972991,7.606678
1745415597680,accelerometer,-1,0.35434186,7.3145857,7.1733274
1745415597680,accelerometer,-1,1.3311762,7.415142,5.2747254
1745415597680,accelerometer,-1,4.187459,7.7431474,3.5434184
1745415597681,accelerometer,-1,4.0054994,8.020875,5.897218
1745415597681,accelerometer,-1,1.8148049,7.6832924,9.651326
1745415597699,gyroscope,-1,-0.8187121,-2.0199788,-1.7286723
1745415597861,accelerometer,-1,-0.40462008,7.403171,14.10933
1745415597861,accelerometer,-1,0.8595184,6.49098,16.051327
1745415597861,accelerometer,-1,1.6232687,6.2371945,15.081676
1745415597861,accelerometer,-1,1.3455414,6.2731075,11.961731
1745415597861,accelerometer,-1,0.50038815,5.870882,7.544429
1745415597861,accelerometer,-1,1.5658079,6.253954,2.480393
1745415597861,accelerometer,-1,1.9440918,6.356905,-0.4333505
1745415597861,accelerometer,-1,0.6943185,5.4949923,-0.019153614
1745415597861,accelerometer,-1,-0.17238252,4.4699745,0.8331822
1745415597880,gyroscope,-1,1.8122845,1.1052079,-2.8166232
1745415598040,accelerometer,-1,-0.7541735,2.8778305,0.7182605
1745415598040,accelerometer,-1,-0.11971009,1.7070658,-0.36391866
1745415598040,accelerometer,-1,0.14604631,1.2234371,-1.946486
1745415598040,accelerometer,-1,-0.055066638,0.39504328,-2.954445
1745415598040,accelerometer,-1,-0.46447513,-0.29209262,-3.323152
1745415598040,accelerometer,-1,-1.0726024,-1.0414777,-2.8993783
1745415598040,accelerometer,-1,-2.231396,-2.4492683,-0.92416185
1745415598040,accelerometer,-1,-3.4404678,-4.2760444,1.4460979
1745415598040,accelerometer,-1,-8.794202,-4.5178585,3.6008794
1745415598060,gyroscope,-1,-2.378251,3.2933273,-6.4317236
1745415598221,accelerometer,-1,-13.505991,-4.891354,3.4620156
1745415598221,accelerometer,-1,-17.789516,-4.9539027,3.0550013
1745415598221,accelerometer,-1,-19.38645,-7.0440407,3.25372
1745415598221,accelerometer,-1,-18.77114,-5.5309052,2.123657
1745415598221,accelerometer,-1,-15.9579525,-5.3896475,-1.910573
1745415598221,accelerometer,-1,-16.044144,-5.9714384,-2.1787236
1745415598221,accelerometer,-1,-17.758392,-6.8860235,-2.896984
1745415598221,accelerometer,-1,-17.473482,-6.1270614,0.6991069
1745415598221,accelerometer,-1,-15.783176,-4.307169,5.4758387
1745415598240,gyroscope,-1,-4.400215,-4.6149344,-2.0224984
1745415598400,accelerometer,-1,-15.28997,-2.6886885,7.343316
1745415598400,accelerometer,-1,-12.2203045,-1.3670892,5.1310735
1745415598400,accelerometer,-1,-8.492533,-1.9680338,2.8203697
1745415598400,accelerometer,-1,-7.6473794,-3.3782187,2.5354595
1745415598400,accelerometer,-1,-9.117419,-4.369418,4.596867
1745415598400,accelerometer,-1,-10.477325,-4.173094,8.542811
1745415598400,accelerometer,-1,-11.681609,-2.9496565,13.280936
1745415598401,accelerometer,-1,-10.618584,-0.20111294,12.1484785
1745415598401,accelerometer,-1,-11.236288,0.79966336,8.363246
1745415598420,gyroscope,-1,0.7695375,0.7368562,1.9377409
1745415598581,accelerometer,-1,-12.557887,0.2801216,6.136638
1745415598581,accelerometer,-1,-12.634501,-0.34476504,4.3239284
1745415598581,accelerometer,-1,-11.377545,-0.074220255,2.6479871
1745415598581,accelerometer,-1,-9.67048,0.49799395,2.2170308
1745415598581,accelerometer,-1,-9.29459,0.91937345,2.6264393
1745415598581,accelerometer,-1,-6.5316815,1.4772224,1.8531121
1745415598581,accelerometer,-1,-4.6591167,2.087744,1.3479356
1745415598581,accelerometer,-1,-3.9336734,1.5777789,2.5115175
1745415598581,accelerometer,-1,-3.0621839,0.33997664,3.4620156
1745415598600,gyroscope,-1,-3.2279646,1.3581061,3.4746778
1745415598760,accelerometer,-1,-1.6232687,-0.6392518,3.6487634
1745415598760,accelerometer,-1,-0.557849,-1.6879122,4.256891
1745415598760,accelerometer,-1,-3.169923,-3.107674,4.606444
1745415598760,accelerometer,-1,-6.8836293,-4.8817773,4.5058875
1745415598761,accelerometer,-1,-8.849269,-6.7974377,3.4213142
1745415598761,accelerometer,-1,-9.0432,-8.044817,1.4532804
1745415598761,accelerometer,-1,-9.696816,-9.68724,-0.21787235
1745415598761,accelerometer,-1,-9.091084,-10.793361,-0.21547815
1745415598761,accelerometer,-1,-8.698434,-11.444583,0.4141969
1745415598780,gyroscope,-1,6.827488,6.8693323,-3.3187544
1745415598940,accelerometer,-1,-8.724771,-12.249035,-0.02633622
1745415598940,accelerometer,-1,-9.574712,-13.529933,-1.3431472
1745415598940,accelerometer,-1,-9.239524,-14.030321,-2.942474
1745415598940,accelerometer,-1,-6.6418147,-12.909835,-4.3622355
1745415598940,accelerometer,-1,-5.650615,-11.418247,-6.560412
1745415598940,accelerometer,-1,-5.358523,-8.538023,-8.097489
1745415598941,accelerometer,-1,-6.1629744,-5.897218,-8.78702
1745415598941,accelerometer,-1,-7.84131,-4.745308,-7.4773912
1745415598941,accelerometer,-1,-10.137349,-4.5777135,-5.8253922
1745415598960,gyroscope,-1,2.9680414,4.6024113,-1.57168
1745415599121,accelerometer,-1,-10.257059,-4.0677485,-4.2904096
1745415599121,accelerometer,-1,-10.043976,-3.643975,-3.145981
1745415599121,accelerometer,-1,-10.467749,-4.8482585,-2.7006595
1745415599121,accelerometer,-1,-10.647314,-7.024887,-2.954445
1745415599121,accelerometer,-1,-9.883564,-9.143756,-3.0502129
1745415599121,accelerometer,-1,-8.286632,-10.020034,-2.585738
1745415599121,accelerometer,-1,-8.207623,-10.652102,-2.3750482
1745415599121,accelerometer,-1,-8.703222,-11.126155,-2.0973208
1745415599121,accelerometer,-1,-7.9658084,-10.474932,-0.92176765
1745415599140,gyroscope,-1,-5.14486,-3.4524577,3.1441998
1745415599300,accelerometer,-1,-6.230012,-9.751883,-0.35194764
1745415599300,accelerometer,-1,-6.438308,-8.973767,-0.31603462
1745415599300,accelerometer,-1,-8.224382,-8.238748,0.25378537
1745415599300,accelerometer,-1,-10.012851,-7.898771,0.7302315
1745415599300,accelerometer,-1,-11.650485,-8.569147,0.49081135
1745415599300,accelerometer,-1,-9.658509,-8.380005,0.46447513
1745415599300,accelerometer,-1,-7.288249,-7.451055,0.6464345
1745415599301,accelerometer,-1,-4.5202527,-5.743989,0.89303726
1745415599301,accelerometer,-1,-4.7285485,-4.644751,0.79248077
1745415599319,gyroscope,-1,1.3687963,0.837649,0.31345022
1745415599480,accelerometer,-1,-5.7368064,-5.2507834,-0.33758244
1745415599480,accelerometer,-1,-5.84694,-5.68174,-1.7357962
1745415599480,accelerometer,-1,-5.3441577,-6.2395887,-3.5218706
1745415599480,accelerometer,-1,-5.2986674,-6.5580177,-4.6710877
1745415599480,accelerometer,-1,-5.420772,-6.6154785,-4.958691
1745415599480,accelerometer,-1,-5.2483892,-6.241983,-4.934749
1745415599480,accelerometer,-1,-6.680122,-5.329792,-4.7070007
1745415599480,accelerometer,-1,-7.18051,-4.3766007,-3.8187518
1745415599480,accelerometer,-1,-7.276278,-3.715801,-3.0621839
1745415599498,gyroscope,-1,1.184315,2.2206478,-0.1923462
1745415599661,accelerometer,-1,-6.977003,-4.086902,-2.8921957
1745415599661,accelerometer,-1,-5.8253922,-4.7046065,-3.3399115
1745415599661,accelerometer,-1,-5.7032876,-5.3680997,-3.311181
1745415599661,accelerometer,-1,-6.196493,-5.928343,-2.56419
1745415599661,accelerometer,-1,-6.4215484,-5.6913166,-1.5610195
1745415599661,accelerometer,-1,-6.318598,-5.2483892,-1.0749966
1745415599661,accelerometer,-1,-6.586748,-4.934749,-0.92895025
1745415599662,accelerometer,-1,-7.1230493,-5.171775,-1.1109096
1745415599662,accelerometer,-1,-7.51091,-5.4734445,-1.9297266
1745415599679,gyroscope,-1,0.690125,-0.9601275,-1.399416
1745415599839,accelerometer,-1,-8.605061,-5.981015,-2.9400797
1745415599840,accelerometer,-1,-9.615414,-5.976227,-5.2052937
1745415599840,accelerometer,-1,-10.527604,-6.04087,-7.048829
1745415599840,accelerometer,-1,-12.483667,-6.268319,-7.7096286
1745415599840,accelerometer,-1,-13.984832,-6.893206,-11.128549
1745415599841,accelerometer,-1,-13.786113,-8.308179,-5.782296
1745415599841,accelerometer,-1,-11.257835,-7.855675,-3.5362358
1745415599841,accelerometer,-1,-8.432677,-6.2348003,-0.5506664
1745415599841,accelerometer,-1,-7.1469913,-4.7860093,1.5753847
1745415599859,gyroscope,-1,-2.2212586,-0.021838432,0.3910301
1745415600019,accelerometer,-1,-7.6138606,-4.0054994,2.779668
1745415600021,accelerometer,-1,-8.183681,-4.225766,1.9991584
1745415600022,accelerometer,-1,-8.08073,-5.3010616,0.46926352
1745415600022,accelerometer,-1,-7.4342957,-6.024111,-0.50996494
1745415600022,accelerometer,-1,-6.4861917,-6.799832,-1.8148049
1745415600022,accelerometer,-1,-5.8541226,-6.692093,-2.7700913
1745415600022,accelerometer,-1,-5.51654,-6.0696006,-2.7748797
1745415600022,accelerometer,-1,-6.028899,-5.5476646,-2.2290018
1745415600022,accelerometer,-1,-6.5556235,-5.195717,-2.1308396
1745415600038,gyroscope,-1,3.197116,3.094185,0.075212784
1745415600044,accelerometer,-1,-6.8046207,-5.0089693,-2.3894134
1745415600099,accelerometer,-1,-7.546823,-5.394436,-4.295198
1745415600119,accelerometer,-1,-10.199598,-7.6138606,-5.468656
1745415600139,accelerometer,-1,-9.759066,-8.719982,-4.817134
1745415600159,accelerometer,-1,-10.553941,-9.325715,-3.8786068
1745415600179,accelerometer,-1,-15.524602,-13.903428,-4.8626237
1745415600199,accelerometer,-1,-16.046537,-17.588404,-5.9714384
1745415600220,accelerometer,-1,-10.067918,-19.257162,-6.8860235
1745415600220,gyroscope,-1,-1.7050776,-0.6565274,-0.3365104
1745415600239,accelerometer,-1,-2.219425,-19.484612,0.35434186
1745415600259,accelerometer,-1,-1.3120226,-17.760786,2.4995465
1745415600280,accelerometer,-1,-3.1675289,-13.96089,2.942474
1745415600300,accelerometer,-1,-6.608296,-8.734347,2.3582888
1745415600319,accelerometer,-1,-4.855441,-5.729624,-0.6392518
1745415600339,accelerometer,-1,-2.554613,-4.175488,-5.135862
1745415600360,accelerometer,-1,-1.3024458,-2.3511062,-9.225159
1745415600380,accelerometer,-1,-2.018312,-0.7062895,-9.5795
1745415600400,accelerometer,-1,-5.054459,0.40940848,-7.865252
1745415600400,gyroscope,-1,-0.8565858,-2.1971295,0.22670737
1745415600419,accelerometer,-1,-7.367258,1.079785,-6.1557918
1745415600439,accelerometer,-1,-6.1749454,2.3175871,-3.004723
1745415600459,accelerometer,-1,-4.3981485,4.220978,-0.32800564
1745415600479,accelerometer,-1,-2.6910827,5.1885343,1.1707647
1745415600499,accelerometer,-1,-2.1499932,5.4135895,2.8419175
1745415600519,accelerometer,-1,-2.9975405,4.3143516,3.6750996
1745415600540,accelerometer,-1,-3.8019924,1.7525556,2.2146366
1745415600559,accelerometer,-1,-4.010288,-1.2617443,0.7254431
1745415600580,accelerometer,-1,-3.1196449,-2.9951463,-0.6847417
1745415600580,gyroscope,-1,0.5691737,-0.5563455,-0.2167808
1745415600599,accelerometer,-1,-4.711789,-4.910807,-2.6671407
1745415600619,accelerometer,-1,-7.415142,-7.1134725,-1.7477672
1745415600639,accelerometer,-1,-11.672032,-7.0057335,0.04309563
1745415600660,accelerometer,-1,-14.683938,-9.325715,-0.7422025
1745415600679,accelerometer,-1,-15.325884,-12.29213,-1.7932571
1745415600700,accelerometer,-1,-12.986449,-10.7789955,-0.6991069
1745415600721,accelerometer,-1,-12.960114,-10.017639,0.6679823
1745415600740,accelerometer,-1,-11.272201,-9.79019,0.90261406
1745415600759,accelerometer,-1,-9.569923,-10.130167,0.15562311
1745415600759,gyroscope,-1,1.6143641,0.64950246,-0.2577088
1745415600782,accelerometer,-1,-7.831733,-9.957784,0.1316811
1745415600798,accelerometer,-1,-5.597943,-9.428665,-0.47405192
1745415600819,accelerometer,-1,-5.1789575,-9.598654,-1.6496049
1745415600839,accelerometer,-1,-5.0353055,-9.299378,-2.9975405
1745415600859,accelerometer,-1,-4.673482,-8.336909,-4.43885
1745415600881,accelerometer,-1,-5.0233345,-7.7215996,-4.7381253
1745415600898,accelerometer,-1,-5.672163,-7.4797854,-4.1611223
1745415600918,accelerometer,-1,-6.86687,-8.542811,-3.809175
1745415600940,gyroscope,-1,1.9961549,1.1833987,0.6286567
1745415600940,accelerometer,-1,-7.4462667,-8.880393,-4.3478703
1745415600959,accelerometer,-1,-7.740753,-8.825327,-5.0831895
1745415600978,accelerometer,-1,-8.29142,-8.849269,-5.234024
1745415600998,accelerometer,-1,-8.2794485,-8.353669,-4.5441947
1745415601019,accelerometer,-1,-8.162133,-7.96102,-3.7325604
1745415601040,accelerometer,-1,-8.162133,-7.862858,-2.6144683
1745415601059,accelerometer,-1,-7.7886376,-7.640197,-1.6184803
1745415601080,accelerometer,-1,-6.7112465,-7.0560117,-1.2665327
1745415601099,accelerometer,-1,-6.146215,-6.438308,-1.4891934
1745415601120,accelerometer,-1,-5.3250036,-5.255572,-1.7262194
1745415601120,gyroscope,-1,-0.5035057,1.109484,1.2230285
1745415601140,accelerometer,-1,-5.3776765,-4.994604,-3.074155
1745415601160,accelerometer,-1,-5.4997807,-4.9012303,-2.779668
1745415601179,accelerometer,-1,-5.868488,-4.584896,-1.508347
1745415601200,accelerometer,-1,-7.331345,-4.642357,-0.29209262
1745415601218,accelerometer,-1,-7.5156984,-5.3250036,-0.20590134
1745415601239,accelerometer,-1,-6.1773396,-6.1629744,-0.89543146
1745415601258,accelerometer,-1,-6.253954,-7.501333,-1.3431472
1745415601280,accelerometer,-1,-7.218817,-8.030452,-1.4700398
1745415601299,accelerometer,-1,-6.7926493,-8.054394,-1.6256629
1745415601300,gyroscope,-1,1.2710578,0.17608191,-1.4983761
1745415601318,accelerometer,-1,-5.1885343,-8.210017,-0.93852705
1745415601338,accelerometer,-1,-3.9671922,-7.544429,0.2681506
1745415601359,accelerometer,-1,-4.0054994,-6.6729393,0.79487497
1745415601378,accelerometer,-1,-5.2866964,-7.034464,0.4189853
1745415601399,accelerometer,-1,-4.9539027,-7.5061216,-2.492364
1745415601418,accelerometer,-1,-4.261679,-8.030452,-5.3680997
1745415601439,accelerometer,-1,-3.8522706,-8.506898,-6.467038
1745415601459,accelerometer,-1,-4.024653,-9.119814,-5.159804
1745415601479,accelerometer,-1,-4.932355,-9.684845,-2.4277205
1745415601479,gyroscope,-1,-0.3746131,-0.6779077,-0.17157678
1745415601499,accelerometer,-1,-5.2364182,-9.469367,-0.095768064
1745415601518,accelerometer,-1,-6.218041,-9.285013,0.047884032
1745415601539,accelerometer,-1,-6.5915365,-9.560347,-1.388637
1745415601559,accelerometer,-1,-6.644209,-9.2586775,-2.9759927
1745415601579,accelerometer,-1,-5.626673,-8.470984,-4.0414124
1745415601598,accelerometer,-1,-5.135862,-8.03524,-3.892972
1745415601619,accelerometer,-1,-5.540482,-7.5899186,-2.2242134
1745415601639,accelerometer,-1,-5.8086324,-7.290643,-1.2569559
1745415601659,accelerometer,-1,-6.4000006,-7.826945,-1.364695
1745415601659,gyroscope,-1,-1.0936015,-0.3828598,-0.045738537
1745415601678,accelerometer,-1,-6.1270614,-8.521263,-1.4867992
1745415601698,accelerometer,-1,-6.402395,-9.1629095,-1.3024458
1745415601718,accelerometer,-1,-6.65618,-9.56753,-0.93134445
1745415601739,accelerometer,-1,-6.8596873,-8.377611,1.4652514
1745415601758,accelerometer,-1,-8.011298,-7.2331824,1.8650831
1745415601778,accelerometer,-1,-7.9538374,-6.53647,1.2737153
1745415601798,accelerometer,-1,-7.793426,-5.8517284,-0.10055647
1745415601819,accelerometer,-1,-7.7215996,-5.743989,-1.2785037
1745415601838,accelerometer,-1,-7.202058,-5.791873,-2.6527755
1745415601838,gyroscope,-1,1.6088663,1.1290317,-1.0622183
1745415601858,accelerometer,-1,-6.802226,-5.8421516,-2.6791117
1745415601877,accelerometer,-1,-7.0057335,-6.064812,-1.9033904
1745415601898,accelerometer,-1,-6.845322,-6.407183,-0.58897364
1745415601918,accelerometer,-1,-6.8525047,-6.82138,0.17238252
1745415601938,accelerometer,-1,-6.431125,-7.0177045,0.4405331
1745415601958,accelerometer,-1,-5.741595,-7.3744407,0.3878607
1745415601979,accelerometer,-1,-5.7392006,-7.8245506,0.5315128
1745415601998,accelerometer,-1,-5.4135895,-8.236353,0.6703765
1745415602019,accelerometer,-1,-5.3633113,-8.15495,0.51714754
1745415602019,gyroscope,-1,0.1769982,0.22678372,-0.0005345071
1745415602039,accelerometer,-1,-5.0329113,-8.459014,-0.16280572
1745415602059,accelerometer,-1,-5.315427,-8.5499935,-0.61291564
1745415602078,accelerometer,-1,-5.370494,-9.402329,-1.0390835
1745415602099,accelerometer,-1,-5.5309052,-10.400711,-0.8858546
1745415602120,accelerometer,-1,-5.195717,-10.92983,0.15562311
1745415602138,accelerometer,-1,-4.8578353,-11.00405,0.8355764
1745415602159,accelerometer,-1,-4.956297,-10.8508215,1.2042835
1745415602179,accelerometer,-1,-5.4854155,-10.896311,0.7398083
1745415602199,gyroscope,-1,0.17821993,-0.04505131,-0.17096591
1745415602199,accelerometer,-1,-5.806238,-11.406276,-0.48602295
1745415602219,accelerometer,-1,-4.0892963,-11.166856,-1.4053963
1745415602241,accelerometer,-1,-2.8874073,-10.383952,-1.079785
1745415602258,accelerometer,-1,-2.906561,-8.516475,-0.10055647
1745415602279,accelerometer,-1,-3.8786068,-6.704064,-0.019153614
1745415602299,accelerometer,-1,-4.268862,-5.9115834,-1.4437037
1745415602318,accelerometer,-1,-4.1036615,-5.909189,-3.0334535
1745415602339,accelerometer,-1,-4.297592,-6.5915365,-4.1012673
1745415602358,accelerometer,-1,-4.7429137,-7.764695,-3.6272156
1745415602379,accelerometer,-1,-5.1214967,-8.672098,-1.8291701
1745415602379,gyroscope,-1,-0.660498,-0.43233988,0.60116774
1745415602398,accelerometer,-1,-5.336975,-9.182063,-0.3878607
1745415602418,accelerometer,-1,-5.4351373,-9.126996,0.4309563
1745415602438,accelerometer,-1,-5.873276,-9.000103,0.21068975
1745415602460,accelerometer,-1,-5.8900356,-8.652945,-0.45968673
1745415602478,accelerometer,-1,-5.672163,-8.284237,-0.9696517
1745415602498,accelerometer,-1,-5.222053,-7.946655,-1.2401965
1745415602518,accelerometer,-1,-4.8626237,-7.609072,-1.4939818
1745415602539,accelerometer,-1,-4.757279,-7.5540056,-1.7980455
1745415602558,accelerometer,-1,-4.2305546,-7.2595186,-1.8531121
1745415602559,gyroscope,-1,0.49586987,0.49312097,0.10514518
1745415602579,accelerometer,-1,-4.0581717,-7.0679827,-1.7980455
1745415602598,accelerometer,-1,-4.510676,-7.1637506,-1.8148049
1745415602617,accelerometer,-1,-5.016152,-7.448661,-1.8124107
1745415602639,accelerometer,-1,-5.767931,-7.898771,-1.9847932
1745415602658,accelerometer,-1,-5.741595,-7.9322896,-1.6879122
1745415602679,accelerometer,-1,-5.7870846,-7.996933,-0.93613285
1745415602698,accelerometer,-1,-6.5556235,-8.447042,0.11731588
1745415602718,accelerometer,-1,-7.3026147,-10.106225,0.033518825
1745415602738,accelerometer,-1,-7.1996636,-11.662456,0.24899697
1745415602738,gyroscope,-1,0.8837693,2.2169826,-0.53076553
1745415602758,accelerometer,-1,-6.5556235,-12.426206,1.1444284
1745415602778,accelerometer,-1,-5.8900356,-11.966519,2.2577322
1745415602798,accelerometer,-1,-5.4255605,-9.536405,2.2960393
1745415602818,accelerometer,-1,-5.564424,-7.400777,0.6631939
1745415602838,accelerometer,-1,-5.6434326,-6.268319,-1.2306197
1745415602857,accelerometer,-1,-5.418378,-6.368876,-2.5617957
1745415602878,accelerometer,-1,-4.771644,-6.950667,-2.7605145
1745415602898,accelerometer,-1,-4.4556093,-8.078336,-1.2449849
1745415602918,accelerometer,-1,-4.1802764,-9.098266,1.376666
1745415602918,gyroscope,-1,0.93386024,2.1894937,-0.20945042
1745415602938,accelerometer,-1,-3.9240966,-9.4143,3.2561142
1745415602960,accelerometer,-1,-4.1539397,-9.141361,3.5936968
1745415602977,accelerometer,-1,-4.2281604,-8.538023,2.3678656
1745415602998,accelerometer,-1,-4.6591167,-8.272266,1.091756
1745415603017,accelerometer,-1,-4.9730563,-8.41113,0.6727707
1745415603038,accelerometer,-1,-4.9155955,-8.6218195,1.2473791
1745415603058,accelerometer,-1,-5.1167083,-8.684069,1.8243817
1745415603078,accelerometer,-1,-5.933131,-9.112631,1.4053963
1745415603099,accelerometer,-1,-6.074389,-10.170868,0.2657564
1745415603099,gyroscope,-1,0.6571383,1.5224289,-0.4366923
1745415603119,accelerometer,-1,-4.55856,-11.02081,0.81402856
1745415603138,accelerometer,-1,-4.223372,-11.684004,2.9281087
1745415603157,accelerometer,-1,-4.5513773,-12.2442465,4.934749
1745415603178,accelerometer,-1,-4.932355,-11.40867,5.6434326
1745415603198,accelerometer,-1,-4.5561657,-9.45979,4.7979803
1745415603219,accelerometer,-1,-4.4316673,-7.84131,3.1316159
1745415603238,accelerometer,-1,-4.477157,-7.278672,1.5610195
1745415603258,accelerometer,-1,-3.9360676,-7.2571244,0.82121116
1745415603278,accelerometer,-1,-2.8491,-7.609072,1.2521675
1745415603278,gyroscope,-1,1.1769847,2.1583397,0.43379068
1745415603298,accelerometer,-1,-2.066196,-7.963414,2.6886885
1745415603318,accelerometer,-1,-1.3311762,-8.00651,3.881001
1745415603338,accelerometer,-1,-0.92176765,-8.0089035,4.6591167
1745415603358,accelerometer,-1,-0.34237084,-7.91553,5.1191025
1745415603378,accelerometer,-1,0.30885202,-8.219594,4.5681367
1745415603398,accelerometer,-1,1.9560628,-9.914688,3.9456444
1745415603418,accelerometer,-1,4.271256,-10.113407,3.9743748
1745415603438,accelerometer,-1,4.8865657,-8.978556,3.25372
1745415603458,accelerometer,-1,2.4540567,-9.02644,2.0326772
1745415603458,gyroscope,-1,2.4426973,2.9768991,-2.5453992
1745415603479,accelerometer,-1,-0.36391866,-9.134179,0.18195933
1745415603498,accelerometer,-1,-2.6910827,-8.401553,-1.685518
1745415603518,accelerometer,-1,-3.5482068,-7.367258,-2.5881321
1745415603640,gyroscope,-1,-0.010537425,3.738648,-1.1275809
1745415603779,accelerometer,-1,-2.3343468,-9.019258,1.2210429
1745415603779,accelerometer,-1,-1.7788919,-10.977715,4.855441
1745415603779,accelerometer,-1,-2.183512,-12.502821,6.938696
1745415603779,accelerometer,-1,-3.028665,-13.438953,6.4478846
1745415603779,accelerometer,-1,-4.3646297,-13.82442,4.6710877
1745415603779,accelerometer,-1,-5.5572414,-13.067852,3.6966474
1745415603779,accelerometer,-1,-4.618415,-12.318467,2.3056161
1745415603779,accelerometer,-1,-4.8267107,-10.879552,2.9903579
1745415603779,accelerometer,-1,-4.747702,-9.347262,4.4699745
1745415603779,accelerometer,-1,-5.432743,-8.449437,5.0975547
1745415603779,accelerometer,-1,-5.897218,-7.970597,4.4699745
1745415603819,gyroscope,-1,-0.08017606,3.5175147,-0.5454263
1745415603960,accelerometer,-1,-6.5197105,-7.96102,3.632004
1745415603960,accelerometer,-1,-6.455067,-7.7215996,2.540248
1745415603960,accelerometer,-1,-5.504569,-8.913912,2.2744915
1745415603960,accelerometer,-1,-5.183746,-10.079888,3.0430303
1745415603960,accelerometer,-1,-4.6495395,-10.965743,4.4364557
1745415603960,accelerometer,-1,-3.809175,-11.45416,5.420772
1745415603960,accelerometer,-1,-2.755726,-11.415853,5.454291
1745415603960,accelerometer,-1,-1.9057846,-11.107001,4.55856
1745415603960,accelerometer,-1,-0.41180268,-10.403106,3.8666358
1745415603999,gyroscope,-1,-0.6262896,0.5163339,0.7166213
1745415604141,accelerometer,-1,0.47884035,-9.541193,3.6296098
1745415604141,accelerometer,-1,0.6727707,-8.808567,3.6224272
1745415604141,accelerometer,-1,0.20111294,-8.734347,2.8754363
1745415604141,accelerometer,-1,-2.7126305,-9.589077,0.45729253
1745415604141,accelerometer,-1,-3.2273839,-10.743082,-2.1140802
1745415604141,accelerometer,-1,-2.0374656,-10.774207,-1.1707647
1745415604141,accelerometer,-1,-0.80684596,-11.420641,1.8818425
1745415604141,accelerometer,-1,-0.58657944,-12.557887,3.3518825
1745415604142,accelerometer,-1,-0.32321724,-11.645697,3.9719806
1745415604179,gyroscope,-1,-0.38072178,-2.9454396,0.33605224
1745415604320,accelerometer,-1,-1.4820108,-10.381557,3.5745432
1745415604320,accelerometer,-1,-1.7070658,-9.308955,0.9576807
1745415604320,accelerometer,-1,-1.0151415,-8.772655,-1.13964
1745415604321,accelerometer,-1,-0.7781156,-8.676887,-0.6440403
1745415604321,accelerometer,-1,-1.8315643,-8.842086,1.5131354
1745415604321,accelerometer,-1,-3.277662,-9.088689,1.7405846
1745415604321,accelerometer,-1,-2.5474305,-8.674492,-0.46926352
1745415604321,accelerometer,-1,-1.8555063,-8.24593,-2.2936451
1745415604321,accelerometer,-1,-1.0486604,-7.9682026,-1.9033904
1745415604361,gyroscope,-1,-0.7643451,-1.3571899,0.38736492
1745415604501,accelerometer,-1,-1.4389153,-8.107066,-0.82360536
1745415604501,accelerometer,-1,-2.1523874,-8.147768,0.02633622
1745415604501,accelerometer,-1,-3.8379054,-8.389582,0.260968
1745415604501,accelerometer,-1,-5.210082,-8.6936455,0.32561144
1745415604501,accelerometer,-1,-6.6873045,-8.69604,0.07182605
1745415604501,accelerometer,-1,-8.001721,-8.619426,0.07182605
1745415604501,accelerometer,-1,-8.880393,-8.456619,0.20590134
1745415604501,accelerometer,-1,-9.129391,-7.7311764,0.20829555
1745415604501,accelerometer,-1,-9.957784,-7.072771,0.45968673
1745415604540,gyroscope,-1,0.1244638,-1.1287262,2.059303
1745415604681,accelerometer,-1,-9.924265,-6.893206,-0.10295067
1745415604681,accelerometer,-1,-8.8444805,-6.7088523,-0.641646
1745415604681,accelerometer,-1,-7.901165,-6.562806,-0.545878
1745415604681,accelerometer,-1,-5.758354,-6.778284,-0.17238252
1745415604681,accelerometer,-1,-3.9719806,-6.560412,0.79248077
1745415604681,accelerometer,-1,-4.594473,-6.6370263,2.0350714
1745415604681,accelerometer,-1,-4.6255975,-7.75033,2.0398598
1745415604681,accelerometer,-1,-3.775656,-8.672098,2.1763294
1745415604681,accelerometer,-1,-3.2561142,-8.861239,3.4356794
1745415604718,gyroscope,-1,-0.08811731,1.5590808,-0.36338845
1745415604861,accelerometer,-1,-2.956839,-8.511686,4.7022123
1745415604861,accelerometer,-1,-4.465186,-7.752724,5.1071315
1745415604861,accelerometer,-1,-5.468656,-7.546823,3.347094
1745415604861,accelerometer,-1,-6.407183,-7.853281,0.79248077
1745415604861,accelerometer,-1,-6.124667,-7.759907,-1.6160861
1745415604861,accelerometer,-1,-6.119879,-7.774272,-3.0071173
1745415604862,accelerometer,-1,-7.1493855,-8.061577,-2.8514943
1745415604862,accelerometer,-1,-7.0631943,-7.9801736,-1.4221559
1745415604862,accelerometer,-1,-7.0560117,-8.078336,-0.10295067
1745415604899,gyroscope,-1,0.2667954,2.143679,-0.76594865
1745415605041,accelerometer,-1,-7.0200987,-8.221988,0.5506664
1745415605041,accelerometer,-1,-6.3162036,-8.210017,0.8475474
1745415605041,accelerometer,-1,-5.255572,-8.063971,1.0749966
1745415605041,accelerometer,-1,-4.759673,-7.702446,1.7549498
1745415605041,accelerometer,-1,-4.9371433,-7.266701,2.4037786
1745415605041,accelerometer,-1,-5.1406503,-7.343316,2.123657
1745415605041,accelerometer,-1,-4.367024,-7.8221564,0.830788
1745415605041,accelerometer,-1,-3.4883518,-8.789413,-0.035913024
1745415605041,accelerometer,-1,-3.3279405,-9.794978,0.090979666
1745415605080,gyroscope,-1,-0.3746131,-1.2429581,0.53641605
1745415605220,accelerometer,-1,-3.8235402,-10.534787,0.62249243
1745415605220,accelerometer,-1,-4.247314,-11.054329,0.8523358
1745415605220,accelerometer,-1,-4.2784386,-11.056723,0.60333884
1745415605220,accelerometer,-1,-5.574001,-11.695974,0.079008654
1745415605221,accelerometer,-1,-6.143821,-12.605771,-0.24660277
1745415605221,accelerometer,-1,-6.0217166,-10.86758,1.5921441
1745415605221,accelerometer,-1,-8.047212,-8.997709,2.5258827
1745415605221,accelerometer,-1,-8.772655,-7.532458,1.9967642
1745415605221,accelerometer,-1,-7.4702086,-6.644209,0.63206923
1745415605259,gyroscope,-1,-0.6733262,-3.020576,2.4294875
1745415605401,accelerometer,-1,-5.5955486,-6.7256117,-2.111686
1745415605401,accelerometer,-1,-5.076007,-7.4534492,-4.402937
1745415605402,accelerometer,-1,-4.3837833,-7.618649,-4.606444
1745415605402,accelerometer,-1,-3.0813377,-7.4582376,-3.1747115
1745415605402,accelerometer,-1,-2.9496565,-7.925107,-1.2306197
1745415605402,accelerometer,-1,-3.6535518,-8.719982,0.047884032
1745415605402,accelerometer,-1,-4.5418005,-9.198822,0.91697925
1745415605402,accelerometer,-1,-4.7165775,-7.987356,1.3910311
1745415605402,accelerometer,-1,-5.92116,-6.65618,0.89782566
1745415605440,gyroscope,-1,-0.46013424,0.4185954,-0.5973498
1745415605580,accelerometer,-1,-6.8716583,-5.336975,-0.25139117
1745415605580,accelerometer,-1,-6.49098,-4.982633,-1.7238252
1745415605580,accelerometer,-1,-6.962638,-5.418378,-2.597709
1745415605580,accelerometer,-1,-6.670545,-5.9953804,-2.042254
1745415605580,accelerometer,-1,-6.53647,-6.8644757,-0.7637503
1745415605581,accelerometer,-1,-6.20607,-6.7351885,1.091756
1745415605581,accelerometer,-1,-6.184522,-6.5819597,1.8842367
1745415605581,accelerometer,-1,-7.012916,-6.6154785,2.2864625
1745415605581,accelerometer,-1,-7.8580694,-6.8357453,2.2984335
1745415605620,gyroscope,-1,-1.8022052,-1.58321,-0.21250474
1745415605760,accelerometer,-1,-8.116643,-6.988974,2.1978772
1745415605760,accelerometer,-1,-8.15495,-7.7072344,1.9632454
1745415605760,accelerometer,-1,-7.9777794,-8.248324,2.0973208
1745415605760,accelerometer,-1,-8.494926,-8.846874,2.4708161
1745415605760,accelerometer,-1,-9.665691,-9.885958,3.0023289
1745415605760,accelerometer,-1,-9.275436,-9.2586775,3.7684734
1745415605760,accelerometer,-1,-9.148544,-8.135797,4.414908
1745415605760,accelerometer,-1,-8.183681,-6.050447,4.7740383
1745415605760,accelerometer,-1,-8.415918,-4.6016555,4.209007
1745415605800,gyroscope,-1,1.1293371,0.7851145,-1.4372896
1745415605941,accelerometer,-1,-9.05517,-4.5034933,3.0909145
1745415605942,accelerometer,-1,-9.103054,-4.7046065,2.1739352
1745415605942,accelerometer,-1,-8.684069,-4.6519337,1.5490485
1745415605942,accelerometer,-1,-8.731953,-4.932355,1.0319009
1745415605942,accelerometer,-1,-8.705617,-5.284302,0.59615624
1745415605942,accelerometer,-1,-8.260295,-5.5548472,0.3854665
1745415605942,accelerometer,-1,-8.001721,-5.954679,0.4333505
1745415605942,accelerometer,-1,-7.877223,-6.431125,0.79966336
1745415605942,accelerometer,-1,-8.253113,-6.8884177,1.0319009
1745415605985,gyroscope,-1,0.77198094,3.5834882,1.9927188
1745415606118,accelerometer,-1,-8.107066,-7.3959885,1.3335704
1745415606118,accelerometer,-1,-7.609072,-7.994539,2.042254
1745415606118,accelerometer,-1,-6.9674263,-7.975385,2.420538
1745415606118,accelerometer,-1,-6.7447653,-7.8101854,1.9081788
1745415606118,accelerometer,-1,-6.3257804,-7.7886376,0.7613561
1745415606118,accelerometer,-1,-5.609914,-7.829339,-0.5530606
1745415606118,accelerometer,-1,-4.8362875,-7.5635824,-1.5107412
1745415606118,accelerometer,-1,-4.9155955,-7.415142,-2.4133554
1745415606118,accelerometer,-1,-5.222053,-7.7096286,-2.966416
1745415606159,gyroscope,-1,0.31138855,-0.6742425,0.34460434
1745415606299,accelerometer,-1,-5.1167083,-8.140585,-3.2321723
1745415606299,accelerometer,-1,-5.51654,-8.88997,-3.0454245
1745415606299,accelerometer,-1,-5.779902,-9.050382,-2.5594015
1745415606299,accelerometer,-1,-5.9498906,-9.215582,-2.3702598
1745415606299,accelerometer,-1,-7.328951,-10.072706,-2.4277205
1745415606299,accelerometer,-1,-7.242759,-10.953772,-2.6599581
1745415606299,accelerometer,-1,-6.4933743,-11.147702,-2.4660277
1745415606299,accelerometer,-1,-5.234024,-10.295366,-1.1899183
1745415606299,accelerometer,-1,-4.498705,-8.36564,0.51714754
1745415606342,gyroscope,-1,-0.7912232,-0.567952,-1.4513395
1745415606480,accelerometer,-1,-4.7884035,-6.49098,1.2880806
1745415606480,accelerometer,-1,-5.9379196,-5.633856,0.37588966
1745415606480,accelerometer,-1,-6.560412,-5.9020066,-1.352724
1745415606480,accelerometer,-1,-5.8253922,-6.244377,-2.96881
1745415606480,accelerometer,-1,-5.5835776,-6.7567363,-4.292804
1745415606480,accelerometer,-1,-5.765537,-7.7814546,-4.4436383
1745415606481,accelerometer,-1,-5.765537,-8.538023,-3.6032736
1745415606481,accelerometer,-1,-5.650615,-8.9163065,-2.3247697
1745415606481,accelerometer,-1,-5.6194906,-8.674492,-0.9600749
1745415606519,gyroscope,-1,-1.3672692,-0.015118915,-0.7732791
1745415606659,accelerometer,-1,-5.696105,-8.028057,-0.32321724
1745415606659,accelerometer,-1,-5.5093575,-7.2331824,-0.19393034
1745415606659,accelerometer,-1,-5.7152586,-6.9698205,-0.34237084
1745415606659,accelerometer,-1,-5.490204,-6.869264,-0.49799395
1745415606659,accelerometer,-1,-5.8301806,-7.403171,-0.016759412
1745415606659,accelerometer,-1,-5.418378,-7.295432,0.5267244
1745415606659,accelerometer,-1,-5.4231663,-7.096713,0.34955344
1745415606659,accelerometer,-1,-5.8780646,-7.0895305,-0.16998832
1745415606659,accelerometer,-1,-6.7591305,-7.3265567,-0.93134445
1745415606699,gyroscope,-1,-0.18891008,-1.7701348,-1.6003906
1745415606839,accelerometer,-1,-7.190087,-7.652168,-1.3694834
1745415606839,accelerometer,-1,-7.4199305,-8.011298,-1.7118542
1745415606839,accelerometer,-1,-7.3720465,-8.425495,-2.4420857
1745415606839,accelerometer,-1,-7.6138606,-8.53084,-2.8514943
1745415606839,accelerometer,-1,-9.256283,-8.674492,-2.9233203
1745415606839,accelerometer,-1,-9.794978,-8.9187,-3.289633
1745415606839,accelerometer,-1,-9.397541,-8.210017,-3.5458126
1745415606839,accelerometer,-1,-8.633791,-6.739977,-3.4213142
1745415606839,accelerometer,-1,-9.296985,-5.8517284,-3.2369606
1745415606878,gyroscope,-1,-0.75823647,0.7344127,-0.16668986
1745415607018,accelerometer,-1,-10.115802,-5.420772,-3.1914709
1745415607018,accelerometer,-1,-10.800543,-5.336975,-2.9903579
1745415607019,accelerometer,-1,-10.589853,-5.454291,-2.719813
1745415607019,accelerometer,-1,-10.032004,-6.0815716,-3.0071173
1745415607019,accelerometer,-1,-9.277831,-6.5819597,-3.2345665
1745415607019,accelerometer,-1,-8.540417,-6.7304,-3.1172507
1745415607019,accelerometer,-1,-8.2794485,-6.8141975,-2.813187
1745415607019,accelerometer,-1,-8.085519,-7.0033393,-2.7006595
1745415607019,accelerometer,-1,-7.9801736,-7.3265567,-2.5258827
1745415607059,gyroscope,-1,-0.35140023,0.33551773,1.9475148
1745415607198,accelerometer,-1,-7.762301,-7.594707,-2.4349031
1745415607199,accelerometer,-1,-7.290643,-8.042423,-2.3942018
1745415607199,accelerometer,-1,-7.096713,-8.425495,-2.303222
1745415607199,accelerometer,-1,-6.7208233,-8.813355,-2.2649148
1745415607199,accelerometer,-1,-6.2395887,-8.904335,-2.3535004
1745415607199,accelerometer,-1,-5.7870846,-8.691252,-2.552219
1745415607199,accelerometer,-1,-6.301838,-8.190864,-2.9855695
1745415607199,accelerometer,-1,-6.7687073,-7.4103537,-3.9025488
1745415607199,accelerometer,-1,-6.974609,-7.3265567,-5.746383
1745415607238,gyroscope,-1,-0.93538743,-0.16722436,2.3073144
1745415607380,accelerometer,-1,-5.794267,-7.9083476,-7.3026147
1745415607380,accelerometer,-1,-4.8482585,-9.246706,-7.537246
1745415607380,accelerometer,-1,-4.7285485,-10.146926,-5.3226094
1745415607380,accelerometer,-1,-4.6136265,-10.7359,-2.8993783
1745415607380,accelerometer,-1,-4.9610853,-11.126155,-1.271321
1745415607380,accelerometer,-1,-4.2161894,-10.501268,-0.25857377
1745415607380,accelerometer,-1,-3.371036,-9.359234,-0.1316811
1745415607380,accelerometer,-1,-3.0430303,-8.037635,-0.49081135
1745415607381,accelerometer,-1,-3.8714242,-6.230012,-1.2234371
1745415607419,gyroscope,-1,1.6186402,-0.35842517,-2.6028204
1745415607559,accelerometer,-1,-5.3130326,-4.9012303,-2.0925324
1745415607559,accelerometer,-1,-6.7351885,-4.6902413,-4.3023806
1745415607559,accelerometer,-1,-6.383241,-4.8458643,-6.6896987
1745415607559,accelerometer,-1,-5.4830213,-5.1071315,-8.490138
1745415607559,accelerometer,-1,-5.2412066,-6.3162036,-8.427889
1745415607559,accelerometer,-1,-4.9850273,-7.680898,-6.026505
1745415607559,accelerometer,-1,-5.3776765,-8.734347,-3.2273839
1745415607559,accelerometer,-1,-6.9123597,-8.954614,-1.1707647
1745415607559,accelerometer,-1,-7.6354084,-7.970597,-0.4189853
1745415607599,gyroscope,-1,-0.6947065,-0.19226983,-1.8734473
1745415607740,accelerometer,-1,-8.023269,-6.6178727,-1.3024458
1745415607741,accelerometer,-1,-8.664915,-5.6051254,-2.7964275
1745415607741,accelerometer,-1,-9.292196,-4.5322237,-3.7804444
1745415607741,accelerometer,-1,-9.802161,-4.048595,-3.976769
1745415607741,accelerometer,-1,-10.2403,-3.8977604,-2.992752
1745415607741,accelerometer,-1,-10.798149,-3.3183637,-1.9393034
1745415607741,accelerometer,-1,-10.798149,-2.669535,-1.6567876
1745415607741,accelerometer,-1,-10.822091,-3.0813377,-2.0398598
1745415607741,accelerometer,-1,-10.383952,-4.910807,-2.6072857
1745415607778,gyroscope,-1,-1.2530373,-1.3883439,0.82046837
1745415607919,accelerometer,-1,-9.000103,-6.586748,-2.408567
1745415607920,accelerometer,-1,-7.4462667,-7.6018896,-1.5634137
1745415607920,accelerometer,-1,-6.455067,-7.994539,-0.4405331
1745415607920,accelerometer,-1,-5.7727194,-7.51091,0.6584055
1745415607920,accelerometer,-1,-5.291485,-6.5771713,0.9864111
1745415607920,accelerometer,-1,-5.588366,-6.431125,0.0
1745415607920,accelerometer,-1,-6.3377514,-7.474997,-1.2330139
1745415607920,accelerometer,-1,-7.427113,-8.037635,-1.1755531
1745415607920,accelerometer,-1,-8.803779,-7.252336,-0.9696517
1745415607959,gyroscope,-1,1.5538884,1.2603678,-2.2515728
1745415608099,accelerometer,-1,-9.43106,-5.858911,-1.5275006
1745415608099,accelerometer,-1,-9.285013,-4.5154643,-2.779668
1745415608100,accelerometer,-1,-9.131784,-4.6399627,-4.6950297
1745415608100,accelerometer,-1,-9.569923,-5.942708,-6.052841
1745415608100,accelerometer,-1,-9.423877,-7.046435,-5.3896475
1745415608100,accelerometer,-1,-8.861239,-7.3337393,-3.7086184
1745415608100,accelerometer,-1,-8.459014,-7.740753,-2.9496565
1745415608100,accelerometer,-1,-7.814974,-7.609072,-3.2130187
1745415608101,accelerometer,-1,-7.508516,-7.2451534,-3.4572272
1745415608138,gyroscope,-1,0.875828,1.8205311,0.6298784
1745415608280,accelerometer,-1,-7.3576813,-7.132626,-3.2082303
1745415608280,accelerometer,-1,-7.4342957,-7.3026147,-2.7964275
1745415608280,accelerometer,-1,-7.3457103,-7.6832924,-2.2385786
1745415608280,accelerometer,-1,-6.9722147,-8.042423,-1.757344
1745415608280,accelerometer,-1,-6.682516,-8.427889,-1.3000516
1745415608280,accelerometer,-1,-5.8900356,-8.708011,-1.2354081
1745415608280,accelerometer,-1,-5.609914,-8.894758,-1.328782
1745415608280,accelerometer,-1,-5.2292356,-8.9187,-1.5562311
1745415608280,accelerometer,-1,-5.0975547,-8.988132,-1.3982137
1745415608318,gyroscope,-1,-0.3361286,-0.20998493,1.3781884
1745415608458,accelerometer,-1,-5.0472765,-8.676887,-1.151611
1745415608458,accelerometer,-1,-5.087978,-8.988132,-1.3024458
1745415608458,accelerometer,-1,-5.3872533,-9.450213,-1.5059528
1745415608458,accelerometer,-1,-5.042488,-10.048764,-1.6927006
1745415608458,accelerometer,-1,-4.608838,-10.276213,-1.6543933
1745415608459,accelerometer,-1,-4.84347,-10.788572,-1.7980455
1745415608459,accelerometer,-1,-5.621885,-12.23467,-2.8419175
1745415608459,accelerometer,-1,-4.9898157,-12.917017,-3.8426938
1745415608459,accelerometer,-1,-4.225766,-12.517186,-4.24492
1745415608499,gyroscope,-1,-1.4827226,-2.2331705,-0.083001316
1745415608607,accelerometer,-1,-3.7924154,-10.932224,-3.667917
1745415608607,accelerometer,-1,-3.3063924,-8.784625,-1.472434
1745415608607,accelerometer,-1,-3.5745432,-7.1733274,0.47405192
1745415608607,accelerometer,-1,-3.916914,-6.763919,0.6631939
1745415608607,accelerometer,-1,-3.3734303,-6.842928,-1.2665327
1745415608607,accelerometer,-1,-2.3415294,-6.9243307,-3.7014358
1745415608607,accelerometer,-1,-1.2306197,-6.830957,-5.2028995
1745415608659,accelerometer,-1,-1.7788919,-8.401553,-3.4955344
1745415608679,accelerometer,-1,-3.028665,-9.591472,-1.4532804
1745415608679,gyroscope,-1,-2.0599904,-1.9497292,-0.8844565
1745415608699,accelerometer,-1,-3.2872388,-9.486126,0.3184288
1745415608719,accelerometer,-1,-2.8802247,-9.481338,0.866701
1745415608738,accelerometer,-1,-3.301604,-10.144532,1.043872
1745415608759,accelerometer,-1,-3.9360676,-10.573094,0.7158663
1745415608778,accelerometer,-1,-5.4638677,-10.47972,0.79487497
1745415608798,accelerometer,-1,-7.4893622,-10.486903,1.9057846
1745415608818,accelerometer,-1,-8.3273325,-10.175656,2.6192567
1745415608838,accelerometer,-1,-7.987356,-9.67048,1.5897499
1745415608859,accelerometer,-1,-7.9298954,-9.435848,-0.37828386
1745415608859,gyroscope,-1,0.059101213,3.3880115,-2.3334289
1745415608879,accelerometer,-1,-8.284237,-9.45979,-2.1811178
1745415608898,accelerometer,-1,-9.079112,-9.354445,-3.4835634
1745415608917,accelerometer,-1,-9.948207,-9.021651,-3.5889084
1745415608939,accelerometer,-1,-9.816526,-8.980949,-3.2920272
1745415608958,accelerometer,-1,-9.301773,-8.894758,-3.110068
1745415608980,accelerometer,-1,-8.708011,-8.648156,-2.9496565
1745415608998,accelerometer,-1,-8.887576,-8.602666,-3.1986535
1745415609018,accelerometer,-1,-8.870816,-8.861239,-2.9999347
1745415609038,accelerometer,-1,-7.874829,-8.269872,-2.4157495
1745415609038,gyroscope,-1,-0.3715588,-3.958865,-0.18440494
1745415609058,accelerometer,-1,-6.787861,-6.524499,-1.6519991
1745415609078,accelerometer,-1,-6.9961567,-5.315427,-1.3383588
1745415609099,accelerometer,-1,-7.879617,-5.633856,-2.4013844
1745415609118,accelerometer,-1,-8.269872,-7.0871363,-4.000711
1745415609138,accelerometer,-1,-7.561188,-8.159739,-4.5992613
1745415609158,accelerometer,-1,-7.0991073,-8.731953,-3.8833952
1745415609178,accelerometer,-1,-7.5564,-9.706393,-3.1890767
1745415609198,accelerometer,-1,-7.680898,-10.156503,-2.3989902
1745415609218,accelerometer,-1,-7.022493,-9.783008,-2.0518308
1745415609218,gyroscope,-1,0.05177083,2.1668918,1.3757449
1745415609237,accelerometer,-1,-6.893206,-9.282619,-1.7884687
1745415609257,accelerometer,-1,-6.751948,-9.047988,-2.1212628
1745415609278,accelerometer,-1,-5.708076,-9.198822,-2.8419175
1745415609298,accelerometer,-1,-4.982633,-8.894758,-3.1196449
1745415609318,accelerometer,-1,-4.417302,-8.523658,-2.6551697
1745415609338,accelerometer,-1,-4.003105,-8.600272,-2.5139117
1745415609358,accelerometer,-1,-3.821146,-9.036016,-2.2098482
1745415609378,accelerometer,-1,-3.2034419,-9.627384,-1.7549498
1745415609398,accelerometer,-1,-2.6360161,-9.629779,-0.9624691
1745415609398,gyroscope,-1,-0.7826711,0.14370605,1.7563139
1745415609418,accelerometer,-1,-2.542642,-9.749489,-1.1468226
1745415609437,accelerometer,-1,-2.8179753,-9.783008,-1.6352397
1745415609458,accelerometer,-1,-3.1747115,-9.512463,-1.9081788
1745415609478,accelerometer,-1,-3.3423057,-9.490914,-2.5187001
1745415609498,accelerometer,-1,-3.4835634,-9.7447,-2.7581203
1745415609518,accelerometer,-1,-2.9855695,-10.233117,-2.7269957
1745415609539,accelerometer,-1,-2.6168625,-11.138125,-2.396596
1745415609558,accelerometer,-1,-2.6527755,-12.811672,-2.3582888
1745415609581,accelerometer,-1,-1.8243817,-13.302484,-1.496376
1745415609581,gyroscope,-1,-1.3464997,-0.49464813,0.46066874
1745415609598,accelerometer,-1,-2.0015526,-12.66802,-0.557849
1745415609617,accelerometer,-1,-3.064578,-11.276989,0.090979666
1745415609638,accelerometer,-1,-3.8738184,-9.285013,-0.23463176
1745415609658,accelerometer,-1,-3.8043866,-7.4175363,-1.0462662
1745415609677,accelerometer,-1,-3.7349546,-6.2635307,-2.2242134
1745415609700,accelerometer,-1,-4.0892963,-5.815815,-3.4524388
1745415609718,accelerometer,-1,-4.4675803,-6.1797338,-4.307169
1745415609737,accelerometer,-1,-3.9695864,-6.7304,-4.1180267
1745415609759,accelerometer,-1,-3.9121256,-7.484574,-3.4596214
1745415609759,gyroscope,-1,-0.2750421,-1.5099062,-1.3798683
1745415609777,accelerometer,-1,-4.1659107,-8.739136,-2.597709
1745415609798,accelerometer,-1,-4.582502,-9.569923,-1.8315643
1745415609819,accelerometer,-1,-5.504569,-9.639356,-1.2258313
1745415609839,accelerometer,-1,-6.4502788,-9.249101,-1.0055647
1745415609858,accelerometer,-1,-6.6609683,-8.78702,-1.460463
1745415609878,accelerometer,-1,-7.4295073,-8.430284,-1.721431
1745415609899,accelerometer,-1,-7.865252,-7.913136,-1.9033904
1745415609918,accelerometer,-1,-8.267478,-7.2451534,-1.6879122
1745415609938,accelerometer,-1,-8.971373,-7.1110783,-1.316811
1745415609938,gyroscope,-1,-0.25488353,-1.2563971,-2.0188332
1745415609958,accelerometer,-1,-9.526828,-7.3002205,-1.2066777
1745415609977,accelerometer,-1,-9.198822,-7.1254435,-1.2593501
1745415609999,accelerometer,-1,-8.698434,-6.8596873,-1.7980455
1745415610018,accelerometer,-1,-8.353669,-6.5173163,-2.552219
1745415610038,accelerometer,-1,-8.229171,-6.5819597,-3.2369606
1745415610058,accelerometer,-1,-7.6497736,-7.036858,-3.6990416
1745415610077,accelerometer,-1,-7.759907,-7.8365216,-4.235343
1745415610097,accelerometer,-1,-8.298602,-8.794202,-3.691859
1745415610118,accelerometer,-1,-8.585907,-9.830892,-2.8443117
1745415610118,gyroscope,-1,-0.7771733,-2.1171062,0.2859613
1745415610137,accelerometer,-1,-8.533235,-10.218752,-2.1811178
1745415610158,accelerometer,-1,-8.415918,-9.5052805,-1.0893618
1745415610180,accelerometer,-1,-8.236353,-8.104672,-0.11492168
1745415610198,accelerometer,-1,-8.2315645,-6.4000006,0.047884032
1745415610218,accelerometer,-1,-8.528446,-5.5213284,-0.9552865
1745415610238,accelerometer,-1,-8.3824,-5.96665,-2.7700913
1745415610258,accelerometer,-1,-7.094319,-6.479009,-4.10845
1745415610278,accelerometer,-1,-6.095937,-6.6633625,-4.256891
1745415610300,gyroscope,-1,1.225243,1.3629931,1.0159453
1745415610300,accelerometer,-1,-6.304232,-7.285855,-3.5170822
1745415610318,accelerometer,-1,-6.8261685,-8.190864,-2.3511062
1745415610338,accelerometer,-1,-6.8596873,-8.492533,-1.4676456
1745415610357,accelerometer,-1,-6.8884177,-8.743924,-1.0151415
1745415610378,accelerometer,-1,-6.5412583,-8.882788,-0.90261406
1745415610398,accelerometer,-1,-6.5221047,-8.973767,-0.90740246
1745415610417,accelerometer,-1,-6.301838,-8.873211,-0.5793968
1745415610438,accelerometer,-1,-6.002563,-8.813355,-0.5267244
1745415610458,accelerometer,-1,-5.7990556,-8.511686,-0.31603462
1745415610478,accelerometer,-1,-5.6889224,-8.408735,-0.33039984
1745415610478,gyroscope,-1,-0.054519724,2.0050125,1.3348169
1745415610498,accelerometer,-1,-5.600337,-8.459014,-0.45968673
1745415610518,accelerometer,-1,-5.0353055,-8.456619,-0.33279404
1745415610538,accelerometer,-1,-4.608838,-8.5739355,-0.074220255
1745415610558,accelerometer,-1,-4.1252093,-8.590695,0.25378537
1745415610578,accelerometer,-1,-3.9217024,-8.784625,0.2896984
1745415610599,accelerometer,-1,-4.1515455,-8.877999,0.17238252
1745415610619,accelerometer,-1,-4.249708,-9.112631,-0.06943185
1745415610638,accelerometer,-1,-4.285621,-9.476549,-0.34476504
1745415610658,accelerometer,-1,-4.132392,-9.900323,-0.35913026
1745415610659,gyroscope,-1,-0.14920384,-0.50869805,0.3806454
1745415610678,accelerometer,-1,-3.9264908,-10.158897,-0.25617957
1745415610698,accelerometer,-1,-4.63278,-11.107001,-0.60333884
1745415610718,accelerometer,-1,-4.2161894,-11.226711,-0.5506664
1745415610739,accelerometer,-1,-3.9839516,-10.549152,-0.02873042
1745415610758,accelerometer,-1,-3.5170822,-9.045593,0.7398083
1745415610778,accelerometer,-1,-3.2848446,-7.130232,0.830788
1745415610799,accelerometer,-1,-3.9791632,-6.3640876,-0.35194764
1745415610819,accelerometer,-1,-4.6830587,-6.926725,-2.5019407
1745415610839,accelerometer,-1,-4.4843397,-7.5061216,-3.8953662
1745415610839,gyroscope,-1,1.0694723,-1.2124147,-1.7579938
1745415610858,accelerometer,-1,-4.197036,-7.901165,-4.187459
1745415610878,accelerometer,-1,-5.243601,-8.265083,-4.187459
1745415610898,accelerometer,-1,-6.3616934,-9.253889,-3.7708676
1745415610918,accelerometer,-1,-6.2994437,-9.723152,-3.371036
1745415610938,accelerometer,-1,-6.304232,-8.995315,-3.095703
1745415610958,accelerometer,-1,-7.142203,-8.102278,-3.277662
1745415610978,accelerometer,-1,-7.4055653,-7.3361335,-2.7700913
1745415610998,accelerometer,-1,-8.281843,-6.320992,-1.1779473
1745415611019,accelerometer,-1,-10.443807,-4.829105,-1.9081788
1745415611019,gyroscope,-1,-0.6385069,-0.26313022,-1.0078512
1745415611039,accelerometer,-1,-12.56507,-5.880459,-2.8754363
1745415611058,accelerometer,-1,-12.612954,-5.645827,-2.4636335
1745415611078,accelerometer,-1,-12.890681,-4.012682,-1.4197617
1745415611099,accelerometer,-1,-12.770971,-3.2106245,-1.0103531
1745415611117,accelerometer,-1,-11.832444,-3.2944214,-1.2497733
1745415611140,accelerometer,-1,-10.606613,-4.5202527,-1.0821792
1745415611158,accelerometer,-1,-10.00088,-6.514922,-0.47644615
1745415611177,accelerometer,-1,-9.5531645,-7.7096286,0.5363012
1745415611199,accelerometer,-1,-9.426271,-8.66731,1.2138603
1745415611199,gyroscope,-1,-0.46929723,0.5652031,1.9139172
1745415611218,accelerometer,-1,-9.1389675,-9.239524,1.0630256
1745415611238,accelerometer,-1,-8.758289,-10.163686,0.33279404
1745415611258,accelerometer,-1,-8.447042,-12.067076,-0.6344634
1745415611278,accelerometer,-1,-6.414366,-11.911452,-0.47165772
1745415611298,accelerometer,-1,-5.3800707,-11.35121,0.36152446
1745415611319,accelerometer,-1,-4.8338933,-9.68724,1.9919758
1745415611341,accelerometer,-1,-4.9993925,-7.680898,3.1603463
1745415611358,accelerometer,-1,-6.0432644,-7.319374,2.492364
1745415611381,accelerometer,-1,-5.770325,-7.987356,0.02633622
1745415611381,gyroscope,-1,2.394439,1.6830865,0.67691505
1745415611398,accelerometer,-1,-4.010288,-8.312967,-2.1643584
1745415611418,accelerometer,-1,-2.7102363,-8.267478,-3.3877954
1745415611440,accelerometer,-1,-2.6791117,-8.712799,-3.1651347
1745415611458,accelerometer,-1,-2.9496565,-8.482956,-1.8938135
1745415611479,accelerometer,-1,-3.4931402,-8.27466,-0.94810385
1745415611498,accelerometer,-1,-3.8905778,-8.174104,-1.1468226
1745415611519,accelerometer,-1,-4.4675803,-8.289025,-2.2457612
1745415611538,accelerometer,-1,-4.608838,-7.738359,-3.5194764
1745415611558,accelerometer,-1,-5.813421,-7.1158667,-3.3662477
1745415611559,gyroscope,-1,1.1665999,1.553583,-0.05429065
1745415611579,accelerometer,-1,-6.3640876,-6.3880296,-5.5835776
1745415611599,accelerometer,-1,-7.046435,-6.3760586,-5.1813517
1745415611618,accelerometer,-1,-7.214029,-6.2252235,-4.211401
1745415611638,accelerometer,-1,-7.7551184,-6.5532293,-2.693477
1745415611658,accelerometer,-1,-7.2116346,-6.8405337,-2.2050598
1745415611678,accelerometer,-1,-6.9602437,-7.4462667,-2.480393
1745415611698,accelerometer,-1,-7.1972694,-7.8341274,-2.6647465
1745415611717,accelerometer,-1,-7.3983827,-8.011298,-2.681506
1745415611738,accelerometer,-1,-7.621043,-7.999327,-2.5713725
1745415611738,gyroscope,-1,-1.1656836,-1.497078,0.12347114
1745415611759,accelerometer,-1,-7.5037274,-7.9897504,-2.1883004
1745415611778,accelerometer,-1,-7.738359,-8.593089,-2.5330653
1745415611798,accelerometer,-1,-7.379229,-9.593865,-2.4229321
1745415611818,accelerometer,-1,-6.7208233,-9.256283,-1.3551182
1745415611837,accelerometer,-1,-5.945102,-8.305785,0.050278235
1745415611858,accelerometer,-1,-5.358523,-6.833351,1.2114661
1745415611878,accelerometer,-1,-5.2244473,-5.578789,1.3455414
1745415611897,accelerometer,-1,-5.71047,-5.770325,-0.19393034
1745415611918,accelerometer,-1,-5.1765633,-6.268319,-1.9081788
1745415611918,gyroscope,-1,0.5832236,0.7191411,-0.9290497
1745415611938,accelerometer,-1,-4.5633483,-6.330569,-2.9712043
1745415611958,accelerometer,-1,-4.3358994,-7.118261,-3.2154129
1745415611978,accelerometer,-1,-4.268862,-7.726388,-3.1603463
1745415611998,accelerometer,-1,-4.3718123,-7.996933,-2.9616275
1745415612020,accelerometer,-1,-4.8003745,-7.7192054,-2.719813
1745415612038,accelerometer,-1,-5.2148705,-7.4223247,-2.992752
1745415612059,accelerometer,-1,-5.4638677,-6.9602437,-3.1028855
1745415612099,gyroscope,-1,-0.52305335,-1.3516921,-1.8154151
1745415612279,gyroscope,-1,0.19960022,-0.55573463,-1.1642329
1745415612318,accelerometer,-1,-5.3130326,-6.830957,-2.6431987
1745415612318,accelerometer,-1,-5.5692124,-7.2355766,-2.4947581
1745415612318,accelerometer,-1,-6.122273,-7.688081,-2.27928
1745415612318,accelerometer,-1,-6.881235,-7.963414,-1.6256629
1745415612318,accelerometer,-1,-7.561188,-7.994539,-1.5227122
1745415612318,accelerometer,-1,-8.08073,-8.198046,-2.4851813
1745415612318,accelerometer,-1,-8.533235,-8.432677,-3.5314474
1745415612318,accelerometer,-1,-8.751106,-8.657733,-4.024653
1745415612318,accelerometer,-1,-9.088689,-9.359234,-4.4915223
1745415612319,accelerometer,-1,-9.471761,-9.364022,-4.369418
1745415612319,accelerometer,-1,-10.668862,-10.553941,-4.9610853
1745415612459,gyroscope,-1,0.5013676,0.5511532,1.0519863
1745415612498,accelerometer,-1,-10.005669,-9.732729,-4.3526587
1745415612498,accelerometer,-1,-9.036016,-8.059182,-3.7684734
1745415612498,accelerometer,-1,-8.710405,-6.4814034,-3.478775
1745415612498,accelerometer,-1,-8.50211,-4.958691,-3.9432502
1745415612498,accelerometer,-1,-8.499715,-4.956297,-5.1191025
1745415612498,accelerometer,-1,-7.752724,-5.2651486,-5.9139776
1745415612499,accelerometer,-1,-7.1398087,-5.89243,-5.928343
1745415612499,accelerometer,-1,-7.3145857,-7.0512233,-4.879383
1745415612499,accelerometer,-1,-7.1709332,-8.169315,-3.7134068
1745415612638,gyroscope,-1,-0.81321436,-0.020005837,1.9023107
1745415612679,accelerometer,-1,-6.7854667,-8.803779,-2.5019407
1745415612679,accelerometer,-1,-6.787861,-9.2347355,-2.0087352
1745415612679,accelerometer,-1,-6.383241,-9.280225,-1.8363527
1745415612679,accelerometer,-1,-6.1677628,-9.110237,-1.8698715
1745415612679,accelerometer,-1,-6.208464,-8.976161,-2.3870192
1745415612679,accelerometer,-1,-6.3138094,-9.316138,-2.6910827
1745415612679,accelerometer,-1,-5.7727194,-9.481338,-2.6312277
1745415612679,accelerometer,-1,-4.9874215,-9.337686,-1.8938135
1745415612679,accelerometer,-1,-4.201824,-8.928277,-1.496376
1745415612818,gyroscope,-1,-1.2670872,-0.9784534,0.29695687
1745415612859,accelerometer,-1,-3.3806129,-8.3752165,-1.5634137
1745415612859,accelerometer,-1,-3.040636,-8.092701,-2.2720973
1745415612859,accelerometer,-1,-3.0095115,-8.3991585,-3.3925838
1745415612859,accelerometer,-1,-2.6479871,-9.253889,-4.3047748
1745415612859,accelerometer,-1,-2.1811178,-9.945813,-4.55856
1745415612859,accelerometer,-1,-2.2625206,-10.431836,-3.833117
1745415612859,accelerometer,-1,-3.3758245,-11.411064,-2.791639
1745415612859,accelerometer,-1,-4.4460325,-13.31206,-2.80361
1745415612861,accelerometer,-1,-3.4691982,-12.964902,-1.6567876
1745415612999,gyroscope,-1,0.82634795,-1.0731375,-1.512426
1745415613039,accelerometer,-1,-2.966416,-11.384728,0.25617957
1745415613039,accelerometer,-1,-2.9592333,-9.304167,1.9081788
1745415613039,accelerometer,-1,-3.904943,-7.3002205,2.4588451
1745415613039,accelerometer,-1,-5.5452704,-6.7830725,0.82121116
1745415613040,accelerometer,-1,-5.7487774,-6.538864,-1.8219875
1745415613040,accelerometer,-1,-5.3513403,-6.3760586,-3.9240966
1745415613040,accelerometer,-1,-4.9299607,-6.6489973,-4.534618
1745415613040,accelerometer,-1,-5.696105,-7.1374145,-4.3263226
1745415613041,accelerometer,-1,-5.1167083,-8.533235,-3.7134068
1745415613179,gyroscope,-1,-1.3501649,-0.98272943,-1.8881081
1745415613219,accelerometer,-1,-4.213795,-9.227552,-3.169923
1745415613219,accelerometer,-1,-4.8386817,-9.256283,-2.4875755
1745415613219,accelerometer,-1,-6.584354,-8.6457615,-1.9752164
1745415613219,accelerometer,-1,-7.5899186,-7.9682026,-1.5562311
1745415613219,accelerometer,-1,-7.7455416,-7.424719,-1.1348516
1745415613219,accelerometer,-1,-7.9442606,-7.4199305,-0.7493851
1745415613219,accelerometer,-1,-7.826945,-7.5516114,-0.5793968
1745415613219,accelerometer,-1,-7.6617446,-7.843704,-0.8810662
1745415613220,accelerometer,-1,-7.3696523,-7.819762,-0.9696517
1745415613358,gyroscope,-1,0.017562376,-0.24113905,-0.82398087
1745415613398,accelerometer,-1,-7.7335706,-7.5061216,-1.5777789
1745415613398,accelerometer,-1,-8.219594,-7.817368,-2.7246015
1745415613398,accelerometer,-1,-8.36564,-8.116643,-3.2225955
1745415613398,accelerometer,-1,-8.53084,-8.111855,-3.3159695
1745415613398,accelerometer,-1,-9.196428,-8.293814,-3.193865
1745415613398,accelerometer,-1,-11.099818,-9.902718,-3.7660792
1745415613398,accelerometer,-1,-9.692028,-10.058341,-3.9839516
1745415613398,accelerometer,-1,-9.296985,-8.430284,-3.1555579
1745415613398,accelerometer,-1,-9.517251,-6.4095774,-3.2968156
1745415613540,gyroscope,-1,-0.7985536,0.101556346,1.8357264
1745415613579,accelerometer,-1,-9.198822,-3.9480386,-3.7828386
1745415613580,accelerometer,-1,-9.593865,-3.2321723,-5.210082
1745415613580,accelerometer,-1,-9.759066,-4.27365,-6.869264
1745415613580,accelerometer,-1,-9.076718,-5.406407,-6.402395
1745415613580,accelerometer,-1,-8.475773,-6.6633625,-5.18614
1745415613580,accelerometer,-1,-7.6976576,-8.348881,-4.06296
1745415613580,accelerometer,-1,-7.4175363,-9.036016,-3.371036
1745415613580,accelerometer,-1,-7.853281,-9.241918,-2.4492683
1745415613580,accelerometer,-1,-8.152556,-9.167698,-2.1068976
1745415613719,gyroscope,-1,-1.2878567,-1.1415545,2.6640596
1745415613760,accelerometer,-1,-8.27466,-9.275436,-2.2409728
1745415613761,accelerometer,-1,-7.9298954,-9.253889,-2.468422
1745415613761,accelerometer,-1,-7.5516114,-9.493309,-3.0669725
1745415613761,accelerometer,-1,-7.1230493,-9.866804,-3.2728736
1745415613761,accelerometer,-1,-6.407183,-10.082283,-3.3997664
1745415613761,accelerometer,-1,-5.693711,-10.336068,-3.323152
1745415613761,accelerometer,-1,-4.5801077,-10.228329,-3.0334535
1745415613761,accelerometer,-1,-3.4763808,-10.0751,-3.0478187
1745415613761,accelerometer,-1,-2.7389667,-9.845257,-2.801216
1745415613899,gyroscope,-1,-0.40026945,0.46074513,-0.8899543
1745415613938,accelerometer,-1,-1.6424223,-9.912294,-2.4636335
1745415613938,accelerometer,-1,-1.0749966,-10.58746,-2.4851813
1745415613938,accelerometer,-1,-0.50517654,-11.133337,-2.681506
1745415613938,accelerometer,-1,-0.48841715,-11.174039,-2.6623523
1745415613938,accelerometer,-1,-1.7310078,-11.00405,-2.3774424
1745415613938,accelerometer,-1,-2.7509377,-11.66485,-2.873042
1745415613938,accelerometer,-1,-2.1212628,-10.834062,-1.9393034
1745415613938,accelerometer,-1,-2.15957,-9.591472,-0.2801216
1745415613938,accelerometer,-1,-3.016694,-8.250718,0.9840169
1745415614080,gyroscope,-1,-0.7191411,-1.2276864,-2.1422281
1745415614118,accelerometer,-1,-4.9132013,-7.7575126,0.06943185
1745415614118,accelerometer,-1,-5.4016185,-7.79582,-1.9512744
1745415614118,accelerometer,-1,-4.9874215,-7.604284,-3.0621839
1745415614118,accelerometer,-1,-4.8123455,-7.5276694,-3.004723
1745415614118,accelerometer,-1,-5.1071315,-7.958626,-2.621651
1745415614119,accelerometer,-1,-5.2627544,-8.5260515,-2.6024973
1745415614119,accelerometer,-1,-5.6410384,-9.081507,-1.9919758
1745415614119,accelerometer,-1,-6.002563,-9.277831,-1.3670892
1745415614119,accelerometer,-1,-6.407183,-9.476549,-1.1779473
1745415614259,gyroscope,-1,-0.22861631,-2.5337162,-2.3083835
1745415614298,accelerometer,-1,-6.6274495,-9.545981,-0.9935937
1745415614298,accelerometer,-1,-6.7734957,-9.447819,-0.49081135
1745415614298,accelerometer,-1,-6.9817915,-9.352051,-0.34476504
1745415614298,accelerometer,-1,-7.228394,-9.196428,-0.038307227
1745415614298,accelerometer,-1,-7.25473,-9.179668,0.23463176
1745415614298,accelerometer,-1,-7.3217683,-8.849269,0.038307227
1745415614298,accelerometer,-1,-7.891588,-8.633791,-0.24420857
1745415614298,accelerometer,-1,-8.557177,-8.51408,-0.7398083
1745415614298,accelerometer,-1,-9.29459,-8.494926,-1.5658079
1745415614438,gyroscope,-1,-0.10888673,-0.10430524,-0.4537965
1745415614479,accelerometer,-1,-9.229947,-8.178892,-2.4995465
1745415614479,accelerometer,-1,-9.316138,-8.312967,-2.6048915
1745415614479,accelerometer,-1,-9.668086,-8.652945,-2.078167
1745415614479,accelerometer,-1,-11.114183,-10.230723,-1.8531121
1745415614480,accelerometer,-1,-9.80695,-10.178051,-0.90021986
1745415614481,accelerometer,-1,-9.268254,-8.152556,0.7038953
1745415614481,accelerometer,-1,-9.93863,-5.51654,0.49559975
1745415614481,accelerometer,-1,-10.683228,-4.968268,-1.2593501
1745415614482,accelerometer,-1,-9.852439,-5.6290674,-2.5689783
1745415614618,gyroscope,-1,0.30589077,2.6714664,2.4331527
1745415614657,accelerometer,-1,-9.062353,-6.4837976,-2.7724855
1745415614657,accelerometer,-1,-8.69604,-7.4079595,-2.0374656
1745415614657,accelerometer,-1,-8.150162,-8.099884,-1.2569559
1745415614657,accelerometer,-1,-7.6378026,-8.748713,-0.89064306
1745415614657,accelerometer,-1,-7.295432,-9.352051,-0.4213795
1745415614657,accelerometer,-1,-7.3121915,-9.756671,0.4141969
1745415614657,accelerometer,-1,-7.7431474,-10.295366,1.2210429
1745415614657,accelerometer,-1,-7.5899186,-10.551546,0.8379706
1745415614658,accelerometer,-1,-7.273884,-10.872369,0.1388637
1745415614801,gyroscope,-1,-0.08933904,-1.2863295,2.5968645
1745415614839,accelerometer,-1,-6.9578495,-11.042357,0.0
1745415614839,accelerometer,-1,-6.6849103,-11.085453,0.38067806
1745415614839,accelerometer,-1,-5.897218,-10.996868,0.59855044
1745415614839,accelerometer,-1,-5.466262,-10.860398,0.521936
1745415614839,accelerometer,-1,-5.3896475,-10.83885,-0.24899697
1745415614839,accelerometer,-1,-5.686528,-10.793361,-1.1875241
1745415614839,accelerometer,-1,-6.9339075,-11.075876,-1.6136919
1745415614839,accelerometer,-1,-7.7431474,-10.996868,-1.1468226
1745415614839,accelerometer,-1,-8.727164,-11.032781,-0.770933
1745415614980,gyroscope,-1,-0.9549351,-5.2703924,1.8155679
1745415615018,accelerometer,-1,-8.894758,-10.637737,-0.7278373
1745415615019,accelerometer,-1,-8.933065,-10.415076,-1.30484
1745415615019,accelerometer,-1,-8.5978775,-10.537181,-1.9656396
1745415615019,accelerometer,-1,-6.998551,-9.811738,-0.8738836
1745415615019,accelerometer,-1,-4.76925,-8.097489,1.388637
1745415615019,accelerometer,-1,-3.5338416,-5.782296,3.2130187
1745415615019,accelerometer,-1,-4.2664676,-4.5082817,3.6487634
1745415615019,accelerometer,-1,-4.7070007,-3.8714242,2.846706
1745415615019,accelerometer,-1,-4.256891,-3.098097,1.472434
1745415615159,gyroscope,-1,-0.65316767,0.5890268,0.10881037
1745415615199,accelerometer,-1,-4.086902,-2.846706,0.4165911
1745415615199,accelerometer,-1,-4.0342298,-2.6862943,0.38067806
1745415615199,accelerometer,-1,-4.27365,-2.6719291,1.2473791
1745415615199,accelerometer,-1,-4.982633,-2.731784,2.8514943
1745415615199,accelerometer,-1,-5.7487774,-2.681506,4.175488
1745415615199,accelerometer,-1,-5.942708,-2.621651,4.4364557
1745415615199,accelerometer,-1,-6.0576296,-2.7581203,3.6607344
1745415615199,accelerometer,-1,-5.834969,-2.7748797,2.980781
1745415615200,accelerometer,-1,-6.2252235,-2.743755,3.9480386
1745415615339,gyroscope,-1,0.29550606,-2.761569,1.6439147
1745415615379,accelerometer,-1,-6.6849103,-2.4349031,5.954679
1745415615379,accelerometer,-1,-7.700052,-2.1571758,8.224382
1745415615379,accelerometer,-1,-9.189245,-1.8124107,11.135732
1745415615379,accelerometer,-1,-10.2403,-0.90021986,13.144466
1745415615379,accelerometer,-1,-10.62816,-0.23942018,13.295301
1745415615379,accelerometer,-1,-10.020034,-0.41180268,14.46846
1745415615379,accelerometer,-1,-8.736741,-0.59376204,14.597747
1745415615379,accelerometer,-1,-7.1972694,-0.19871874,13.453319
1745415615379,accelerometer,-1,-6.37127,0.25857377,12.718299
1745415615519,gyroscope,-1,2.072513,0.47051895,2.0061579
1745415615559,accelerometer,-1,-5.942708,0.088585466,10.937013
1745415615559,accelerometer,-1,-4.2281604,0.007182605,10.225935
1745415615559,accelerometer,-1,-2.123657,0.24899697,9.648932
1745415615559,accelerometer,-1,-0.33039984,0.78290397,11.080665
1745415615559,accelerometer,-1,-0.38067806,1.0199299,12.727876
1745415615559,accelerometer,-1,-1.733402,1.376666,13.575423
1745415615559,accelerometer,-1,-1.352724,1.3311762,9.771036
1745415615559,accelerometer,-1,-1.5873557,1.2330139,6.048053
1745415615559,accelerometer,-1,-1.4221559,1.3144168,4.465186
1745415615697,gyroscope,-1,3.0724995,4.0135374,0.3861432
1745415615738,accelerometer,-1,-1.0582372,1.5394717,4.414908
1745415615738,accelerometer,-1,-1.364695,1.733402,5.698499
1745415615738,accelerometer,-1,-1.7932571,2.3582888,8.703222
1745415615738,accelerometer,-1,-2.906561,2.468422,10.283396
1745415615738,accelerometer,-1,-4.0557775,2.5785553,7.1350203
1745415615738,accelerometer,-1,-5.1167083,2.243367,3.2202013
1745415615738,accelerometer,-1,-4.8482585,2.6312277,1.6998832
1745415615738,accelerometer,-1,-6.1557918,1.9009962,3.727772
1745415615738,accelerometer,-1,-5.8110266,2.1140802,6.5795655
1745415615878,gyroscope,-1,1.2899947,4.46741,-2.6755135
1745415615920,accelerometer,-1,-4.4220905,1.1779473,5.9235544
1745415615920,accelerometer,-1,-3.751714,0.62967503,3.9671922
1745415615920,accelerometer,-1,-3.9193082,1.043872,1.9967642
1745415615920,accelerometer,-1,-5.729624,1.30484,-0.7685388
1745415615920,accelerometer,-1,-7.266701,0.60333884,-2.6264393
1745415615920,accelerometer,-1,-8.037635,0.5434838,-2.540248
1745415615920,accelerometer,-1,-9.318532,-0.1340753,-1.9129672
1745415615920,accelerometer,-1,-10.925041,-1.0989386,-1.8722657
1745415615920,accelerometer,-1,-11.705551,-1.0989386,-3.0262709
1745415616059,gyroscope,-1,-3.833943,-0.6815729,0.4350124
1745415616098,accelerometer,-1,-12.584224,-1.388637,-3.98874
1745415616098,accelerometer,-1,-14.741698,-0.9672575,-3.9815574
1745415616098,accelerometer,-1,-16.633118,0.15801731,-3.7134068
1745415616098,accelerometer,-1,-17.020979,1.3431472,-3.3135753
1745415616098,accelerometer,-1,-15.661072,2.2840683,-2.7126305
1745415616098,accelerometer,-1,-12.926594,2.2122424,-3.0430303
1745415616098,accelerometer,-1,-11.11179,1.0390835,-3.41892
1745415616098,accelerometer,-1,-10.697593,-0.023942016,-3.0885203
1745415616098,accelerometer,-1,-11.308114,-0.36152446,-1.532289
1745415616239,gyroscope,-1,-3.6598463,-1.4665347,3.8112645
1745415616279,accelerometer,-1,-11.24347,-0.11492168,1.2569559
1745415616279,accelerometer,-1,-11.26023,0.5386954,4.012682
1745415616279,accelerometer,-1,-10.74787,1.3742718,5.0855837
1745415616279,accelerometer,-1,-9.632173,1.9009962,5.016152
1745415616279,accelerometer,-1,-8.765471,1.9393034,3.833117
1745415616279,accelerometer,-1,-7.4223247,2.0039468,3.181894
1745415616279,accelerometer,-1,-6.766313,2.2409728,3.6391866
1745415616279,accelerometer,-1,-5.746383,2.2122424,4.9299607
1745415616279,accelerometer,-1,-3.1316159,2.7246015,6.4359136
1745415616420,gyroscope,-1,2.6607764,5.267644,-1.0756574
1745415616459,accelerometer,-1,-2.3678656,3.1794999,7.8221564
1745415616459,accelerometer,-1,-2.9281087,4.405331,9.677663
1745415616459,accelerometer,-1,-2.8083985,5.2268414,8.9641905
1745415616459,accelerometer,-1,-0.7422025,5.7248354,6.002563
1745415616459,accelerometer,-1,-0.19632454,4.805163,2.0494366
1745415616459,accelerometer,-1,-0.78529817,4.5681367,0.7685388
1745415616459,accelerometer,-1,-4.661511,4.8506527,-0.46926352
1745415616459,accelerometer,-1,-7.7431474,6.6274495,-2.0350714
1745415616459,accelerometer,-1,-11.032781,5.4040127,-4.8003745
1745415616598,gyroscope,-1,-0.7368562,3.6464074,-0.16302466
1745415616639,accelerometer,-1,-13.534721,5.358523,-3.2561142
1745415616639,accelerometer,-1,-13.000814,4.8338933,-1.6472107
1745415616639,accelerometer,-1,-11.966519,4.19943,-0.82599956
1745415616639,accelerometer,-1,-10.620978,3.833117,-1.2808979
1745415616639,accelerometer,-1,-12.167632,3.8905778,-3.8522706
1745415616639,accelerometer,-1,-13.515568,4.7644615,-5.5093575
1745415616639,accelerometer,-1,-14.047081,5.3561287,-6.4000006
1745415616639,accelerometer,-1,-13.565846,5.2172647,-6.3377514
1745415616640,accelerometer,-1,-11.818079,4.9179897,-5.6554036
1745415616779,gyroscope,-1,-5.7545033,-2.4145975,3.86441
1745415616819,accelerometer,-1,-10.695198,4.7046065,-3.8426938
1745415616819,accelerometer,-1,-10.012851,5.9115834,-2.291251
1745415616820,accelerometer,-1,-10.175656,6.431125,-1.8363527
1745415616820,accelerometer,-1,-9.399935,6.301838,-0.81163436
1745415616820,accelerometer,-1,-7.618649,6.0073514,-0.46208093
1745415616820,accelerometer,-1,-5.964256,4.6591167,-0.38307226
1745415616820,accelerometer,-1,-4.158728,3.1196449,0.33758244
1745415616820,accelerometer,-1,-0.31603462,1.328782,2.1763294
1745415616820,accelerometer,-1,2.89459,1.5753847,4.537012
1745415616958,gyroscope,-1,-0.33490688,-2.766456,0.055665094
1745415616999,accelerometer,-1,4.6112323,1.8722657,6.5580177
1745415616999,accelerometer,-1,5.150227,2.4660277,7.9083476
1745415617000,accelerometer,-1,5.0376997,2.6240451,8.803779
1745415617000,accelerometer,-1,3.881001,2.861071,9.663298
1745415617000,accelerometer,-1,1.9680338,3.4284968,10.328885
1745415617000,accelerometer,-1,0.79008657,4.453215,9.22037
1745415617000,accelerometer,-1,1.3934253,5.674557,9.02644
1745415617000,accelerometer,-1,2.56419,4.5896845,8.341698
1745415617000,accelerometer,-1,3.5529952,4.1180267,8.945037
1745415617139,gyroscope,-1,0.59299743,-0.10247265,0.15462527
1745415617178,accelerometer,-1,3.4141316,3.9983168,8.533235
1745415617178,accelerometer,-1,4.6375685,4.06296,8.293814
1745415617178,accelerometer,-1,4.1946416,4.3263226,7.305009
1745415617178,accelerometer,-1,4.699818,4.4220905,7.0440407
1745415617178,accelerometer,-1,4.7860093,4.1922474,6.692093
1745415617178,accelerometer,-1,4.958691,4.084508,7.010522
1745415617178,accelerometer,-1,4.7524905,5.1526213,6.6873045
1745415617178,accelerometer,-1,4.0773253,4.0078936,6.3281746
1745415617178,accelerometer,-1,2.3104045,4.003105,6.917148
1745415617317,gyroscope,-1,-0.73929965,1.399645,0.7343364
1745415617358,accelerometer,-1,2.7485435,4.1515455,6.86687
1745415617358,accelerometer,-1,3.2465374,3.6056678,6.5340757
1745415617358,accelerometer,-1,3.5458126,3.4835634,5.454291
1745415617358,accelerometer,-1,3.9743748,2.7150247,4.6399627
1745415617358,accelerometer,-1,3.892972,2.6910827,5.992986
1745415617358,accelerometer,-1,3.490746,3.4763808,7.43669
1745415617358,accelerometer,-1,2.5737667,3.7924154,7.8580694
1745415617359,accelerometer,-1,2.1547816,4.1826706,7.2978263
1745415617359,accelerometer,-1,2.966416,4.333505,7.2810664
1745415617497,gyroscope,-1,1.0560333,1.8193095,1.0312169
1745415617538,accelerometer,-1,3.8905778,4.5394063,7.4678144
1745415617538,accelerometer,-1,3.9360676,4.7524905,7.934684
1745415617538,accelerometer,-1,2.6479871,5.1214967,8.360851
1745415617538,accelerometer,-1,2.2218192,5.906795,8.516475
1745415617538,accelerometer,-1,2.1906946,6.467038,7.58513
1745415617538,accelerometer,-1,2.777274,6.8118033,7.10629
1745415617538,accelerometer,-1,3.0502129,6.94109,6.7974377
1745415617538,accelerometer,-1,2.9712043,7.118261,6.98658
1745415617538,accelerometer,-1,3.2800562,7.4223247,7.7551184
1745415617701,gyroscope,-1,-0.82359904,-0.23441954,-0.51121783
1745415617763,accelerometer,-1,3.4141316,7.568371,7.8006086
1745415617763,accelerometer,-1,3.2752678,6.9793973,7.3241625
1745415617763,accelerometer,-1,3.7708676,6.0073514,7.4319015
1745415617763,accelerometer,-1,4.3742065,4.3622355,7.9682026
1745415617763,accelerometer,-1,5.645827,3.3375173,8.813355
1745415617763,accelerometer,-1,5.624279,3.0765493,9.428665
1745415617763,accelerometer,-1,4.0892963,3.2824504,9.292196
1745415617763,accelerometer,-1,2.327164,3.4500446,8.9402485
1745415617763,accelerometer,-1,1.8387469,3.9193082,8.9163065
1745415617858,gyroscope,-1,-0.311694,-0.798859,-0.9149998
1745415617897,accelerometer,-1,1.9153614,4.010288,8.686463
1745415617897,accelerometer,-1,2.0350714,3.6870706,8.499715
1745415617897,accelerometer,-1,1.283292,3.6056678,8.071154
1745415617897,accelerometer,-1,0.93373865,3.3494883,8.054394
1745415617897,accelerometer,-1,0.8499416,3.098097,8.782231
1745415617897,accelerometer,-1,1.5035586,2.8754363,8.554782
1745415617897,accelerometer,-1,1.8171991,2.552219,7.8006086
1745415617897,accelerometer,-1,0.45010993,2.4588451,7.9562316
1745415617897,accelerometer,-1,-1.3790601,2.4899697,11.032781
1745415618037,gyroscope,-1,4.755433,2.6079364,0.69524103
1745415618077,accelerometer,-1,-3.0789435,2.7581203,15.898098
1745415618077,accelerometer,-1,-1.4796166,3.3375173,16.688185
1745415618077,accelerometer,-1,-0.39983168,3.41892,12.742241
1745415618077,accelerometer,-1,-0.85473,4.426879,9.785401
1745415618077,accelerometer,-1,-1.5610195,5.8253922,7.700052
1745415618077,accelerometer,-1,-2.9783869,7.1110783,7.829339
1745415618077,accelerometer,-1,-3.1651347,8.990526,5.2507834
1745415618077,accelerometer,-1,-2.2026656,10.077495,1.6591818
1745415618077,accelerometer,-1,-2.066196,10.5707,-0.0023942017
1745415618217,gyroscope,-1,-0.7264715,-0.1873829,0.33299792
1745415618257,accelerometer,-1,-1.6065093,11.056723,-0.04070143
1745415618257,accelerometer,-1,-1.7022774,10.403106,0.5650316
1745415618257,accelerometer,-1,-1.3000516,9.469367,0.9528923
1745415618257,accelerometer,-1,-0.91458505,7.91553,1.6136919
1745415618257,accelerometer,-1,-0.22266077,6.787861,2.291251
1745415618257,accelerometer,-1,0.5746084,6.8979945,2.255338
1745415618257,accelerometer,-1,0.1604115,6.7112465,1.9416976
1745415618257,accelerometer,-1,-0.8499416,6.464644,2.597709
1745415618257,accelerometer,-1,-1.163582,6.890812,4.1802764
1745415618398,gyroscope,-1,-1.308626,-0.06337727,0.2401464
1745415618437,accelerometer,-1,-1.7046716,7.216423,4.8123455
1745415618437,accelerometer,-1,-1.8818425,7.4079595,4.06296
1745415618437,accelerometer,-1,-1.8411411,7.6737156,3.1028855
1745415618437,accelerometer,-1,-1.8315643,7.532458,2.2290018
1745415618437,accelerometer,-1,-2.0494366,7.1709332,2.396596
1745415618437,accelerometer,-1,-1.7549498,7.096713,3.5697548
1745415618437,accelerometer,-1,-1.079785,6.9793973,4.8267107
1745415618438,accelerometer,-1,-0.48362875,7.6593504,5.1645923
1745415618438,accelerometer,-1,-0.81642276,8.193257,5.0951605
1745415618577,gyroscope,-1,0.3370449,-1.768913,-0.70119697
1745415618617,accelerometer,-1,-1.0127473,8.9187,5.4495025
1745415618617,accelerometer,-1,-0.6512229,9.110237,6.1988873
1745415618617,accelerometer,-1,-0.80205756,8.887576,7.214029
1745415618617,accelerometer,-1,0.16519992,9.500492,7.58513
1745415618617,accelerometer,-1,-0.023942016,9.952995,6.634632
1745415618617,accelerometer,-1,0.30645782,10.271424,5.696105
1745415618617,accelerometer,-1,0.82360536,10.697593,4.8506527
1745415618617,accelerometer,-1,1.0869676,10.860398,5.284302
1745415618617,accelerometer,-1,1.8866309,11.226711,5.686528
1745415618757,gyroscope,-1,-0.22983804,-0.5141958,-0.87162834
1745415618797,accelerometer,-1,1.7310078,10.726323,5.7990556
1745415618797,accelerometer,-1,2.0398598,10.012851,5.858911
1745415618797,accelerometer,-1,1.9680338,9.064747,5.662586
1745415618797,accelerometer,-1,1.6424223,7.747936,5.684134
1745415618797,accelerometer,-1,2.1404164,6.2731075,6.026505
1745415618797,accelerometer,-1,1.9153614,5.526117,7.290643
1745415618797,accelerometer,-1,1.3144168,5.1047373,7.999327
1745415618797,accelerometer,-1,1.1013328,5.3417635,7.7551184
1745415618797,accelerometer,-1,1.1707647,5.964256,6.2467713
1745415618937,gyroscope,-1,-0.3220787,-1.6015359,-0.83619815
1745415618977,accelerometer,-1,1.0749966,6.9003887,5.1286793
1745415618977,accelerometer,-1,0.8834604,7.3097973,5.087978
1745415618977,accelerometer,-1,1.3335704,7.4773912,5.8206034
1745415618977,accelerometer,-1,1.2665327,7.1038957,6.716035
1745415618977,accelerometer,-1,1.4221559,6.7136407,7.130232
1745415618977,accelerometer,-1,1.2042835,6.083966,6.7687073
1745415618977,accelerometer,-1,0.79726917,5.9618616,6.598719
1745415618977,accelerometer,-1,0.2681506,5.6889224,6.6753335
1745415618977,accelerometer,-1,0.58897364,5.3752823,6.9195423
1745415619117,gyroscope,-1,-0.01786781,-0.30283645,-0.5252678
1745415619157,accelerometer,-1,0.59855044,5.329792,7.2834606
1745415619157,accelerometer,-1,0.6655881,5.822998,7.1038957
1745415619157,accelerometer,-1,0.60812724,6.395212,6.905177
1745415619157,accelerometer,-1,0.4309563,6.953061,7.1469913
1745415619157,accelerometer,-1,0.1364695,7.6354084,7.91553
1745415619157,accelerometer,-1,-0.33039984,7.831733,8.248324
1745415619157,accelerometer,-1,-0.29448682,7.652168,7.67611
1745415619157,accelerometer,-1,0.7110779,8.631396,7.2116346
1745415619157,accelerometer,-1,0.4189853,8.88997,6.5292873
1745415619298,gyroscope,-1,-0.28115073,0.41309762,-1.1471286
1745415619337,accelerometer,-1,0.08140286,8.511686,6.479009
1745415619337,accelerometer,-1,0.10295067,7.829339,7.0799537
1745415619337,accelerometer,-1,0.021547815,6.2731075,7.5755534
1745415619337,accelerometer,-1,0.39504328,5.3657055,7.5659766
1745415619337,accelerometer,-1,0.48123455,5.1310735,7.826945
1745415619337,accelerometer,-1,-0.46447513,4.7070007,7.6952634
1745415619337,accelerometer,-1,-1.5801731,4.642357,7.6473794
1745415619337,accelerometer,-1,-1.9369092,5.3992243,7.4582376
1745415619337,accelerometer,-1,-2.255338,6.0935426,6.7974377
1745415619477,gyroscope,-1,-0.5004513,-0.7334964,-0.08422305
1745415619517,accelerometer,-1,-2.3750482,6.292261,6.2252235
1745415619517,accelerometer,-1,-1.9416976,6.4335194,5.3657055
1745415619517,accelerometer,-1,-1.5035586,6.347328,4.76925
1745415619517,accelerometer,-1,-1.1013328,6.143821,4.2425256
1745415619517,accelerometer,-1,-0.79726917,5.9379196,3.916914
1745415619517,accelerometer,-1,-0.62009823,6.112696,4.024653
1745415619517,accelerometer,-1,-0.45010993,6.01214,4.268862
1745415619517,accelerometer,-1,-0.031124622,6.0791774,4.8362875
1745415619517,accelerometer,-1,0.11731588,6.2515597,5.602731
1745415619659,gyroscope,-1,-0.52488595,-0.88132584,-1.4904349
1745415619698,accelerometer,-1,0.30406362,6.479009,6.148609
1745415619699,accelerometer,-1,0.8403648,7.0608,6.5221047
1745415619699,accelerometer,-1,1.42455,7.3624697,6.8979945
1745415619699,accelerometer,-1,1.8148049,7.712023,7.654562
1745415619699,accelerometer,-1,1.6280571,8.186075,8.880393
1745415619699,accelerometer,-1,1.7836803,9.024046,9.948207
1745415619699,accelerometer,-1,2.1906946,10.539576,10.295366
1745415619699,accelerometer,-1,1.0702082,10.33128,9.878776
1745415619699,accelerometer,-1,0.5650316,9.02644,9.474155
1745415619838,gyroscope,-1,-0.37094793,-1.0261009,-1.8331302
1745415619881,accelerometer,-1,0.8643068,7.3217683,9.531616
1745415619881,accelerometer,-1,1.1899183,5.2124763,9.091084
1745415619881,accelerometer,-1,2.0638018,3.845088,8.487744
1745415619881,accelerometer,-1,2.4851813,3.347094,7.903559
1745415619881,accelerometer,-1,2.3008277,3.157952,7.7311764
1745415619881,accelerometer,-1,2.042254,3.4955344,7.8125796
1745415619881,accelerometer,-1,2.5570073,3.8043866,7.1733274
1745415619881,accelerometer,-1,3.2561142,3.2800562,6.2611365
1745415619881,accelerometer,-1,3.6032736,2.7629087,5.75596
1745415620017,gyroscope,-1,-2.3067799,-0.527024,-1.113531
1745415620059,accelerometer,-1,2.6408045,2.0398598,5.4495025
1745415620059,accelerometer,-1,1.3670892,1.4293385,5.0688243
1745415620061,accelerometer,-1,1.6759412,1.1923125,4.144363
1745415620062,accelerometer,-1,0.8499416,0.7445967,3.145981
1745415620062,accelerometer,-1,0.016759412,0.110133275,3.608062
1745415620062,accelerometer,-1,-0.36870706,-0.37828386,5.0712185
1745415620062,accelerometer,-1,-0.17956513,-0.41180268,7.975385
1745415620063,accelerometer,-1,0.06703765,-0.9792285,10.431836
1745415620063,accelerometer,-1,0.51235914,-1.3096284,12.028769
1745415620198,gyroscope,-1,-2.0037906,1.4747814,2.259056
1745415620238,accelerometer,-1,0.4357447,-0.82599956,11.88751
1745415620238,accelerometer,-1,-3.229778,-1.9512744,10.5707
1745415620238,accelerometer,-1,-7.982568,-2.9041667,11.777377
1745415620238,accelerometer,-1,-10.642526,-3.8522706,14.875773
1745415620238,accelerometer,-1,-8.334516,-4.867412,16.767193
1745415620238,accelerometer,-1,-5.2771196,-5.3226094,15.122376
1745415620238,accelerometer,-1,-2.9903579,-4.9898157,11.166856
1745415620238,accelerometer,-1,-4.0821137,-3.964798,9.419088
1745415620238,accelerometer,-1,-5.3752823,-3.074155,8.899547
1745415620379,gyroscope,-1,1.1226176,-0.54901516,-0.8105418
1745415620419,accelerometer,-1,-6.4000006,-2.5354595,9.952995
1745415620419,accelerometer,-1,-5.940314,-1.8339585,11.482891
1745415620419,accelerometer,-1,-5.420772,-1.9919758,12.359168
1745415620419,accelerometer,-1,-5.394436,-2.2457612,11.90427
1745415620419,accelerometer,-1,-5.789479,-2.7341783,10.551546
1745415620419,accelerometer,-1,-6.356905,-2.6120741,9.354445
1745415620419,accelerometer,-1,-6.620267,-2.5450363,8.463802
1745415620419,accelerometer,-1,-6.2850785,-2.4181437,7.700052
1745415620419,accelerometer,-1,-5.7966614,-2.3343468,6.790255
1745415620557,gyroscope,-1,0.30466905,0.9757045,-0.6382778
1745415620599,accelerometer,-1,-5.1286793,-2.4971523,5.8541226
1745415620600,accelerometer,-1,-4.1180267,-2.6264393,5.3130326
1745415620600,accelerometer,-1,-3.4261026,-2.2577322,4.9993925
1745415620600,accelerometer,-1,-3.2968156,-1.8315643,5.243601
1745415620601,accelerometer,-1,-3.5936968,-1.3144168,6.20607
1745415620601,accelerometer,-1,-4.4340615,-0.89064306,7.000945
1745415620601,accelerometer,-1,-5.6793456,-0.7038953,7.9538374
1745415620604,accelerometer,-1,-6.318598,-0.40701428,8.921095
1745415620604,accelerometer,-1,-6.208464,-0.19632454,9.285013
1745415620739,gyroscope,-1,1.4897476,-1.6357445,-0.7702247
1745415620779,accelerometer,-1,-5.686528,0.031124622,9.014469
1745415620779,accelerometer,-1,-5.490204,-0.06703765,9.22037
1745415620781,accelerometer,-1,-5.502175,0.016759412,10.115802
1745415620781,accelerometer,-1,-5.856517,0.5291186,9.95539
1745415620781,accelerometer,-1,-6.1294556,0.8810662,9.206005
1745415620781,accelerometer,-1,-5.1430445,1.484405,8.5978775
1745415620781,accelerometer,-1,-4.6351743,1.6232687,8.490138
1745415620781,accelerometer,-1,-3.5290532,1.9871874,9.213187
1745415620781,accelerometer,-1,-2.6503813,1.9297266,9.703999
1745415620918,gyroscope,-1,0.86177814,-1.1672108,-0.92599535
1745415620959,accelerometer,-1,-2.0494366,1.2641385,10.58746
1745415620959,accelerometer,-1,-0.7374141,1.3623008,11.446978
1745415620959,accelerometer,-1,-0.10055647,1.3311762,11.7678
1745415620959,accelerometer,-1,0.23702596,1.2306197,10.824485
1745415620959,accelerometer,-1,0.16280572,1.0582372,10.424653
1745415620959,accelerometer,-1,0.11731588,0.8595184,11.044752
1745415620959,accelerometer,-1,0.22984336,0.8331822,10.946589
1745415620959,accelerometer,-1,0.10295067,0.7445967,10.283396
1745415620959,accelerometer,-1,0.10055647,0.58897364,9.598654
1745415621098,gyroscope,-1,0.9271407,-1.9711094,-0.4721225
1745415621140,accelerometer,-1,0.14604631,0.49799395,9.344869
1745415621140,accelerometer,-1,0.33758244,0.5243302,9.198822
1745415621140,accelerometer,-1,0.5482722,0.19632454,9.014469
1745415621141,accelerometer,-1,0.7757214,0.007182605,9.052776
1745415621141,accelerometer,-1,1.2042835,-0.090979666,9.024046
1745415621141,accelerometer,-1,1.3670892,0.08379706,9.364022
1745415621141,accelerometer,-1,1.043872,0.25378537,9.222764
1745415621141,accelerometer,-1,1.1683705,0.50517654,8.8923645
1745415621141,accelerometer,-1,0.9840169,0.62488663,9.141361
1745415621279,gyroscope,-1,0.09025534,0.53038377,-0.25526533
1745415621320,accelerometer,-1,0.9959879,0.7469909,9.241918
1745415621320,accelerometer,-1,0.7278373,0.8810662,9.081507
1745415621320,accelerometer,-1,0.5626374,1.127669,8.588301
1745415621320,accelerometer,-1,0.40222588,1.3000516,7.728782
1745415621320,accelerometer,-1,0.320823,1.2904748,7.190087
1745415621321,accelerometer,-1,0.18914193,1.3144168,7.7335706
1745415621321,accelerometer,-1,0.18195933,1.6304513,8.087913
1745415621321,accelerometer,-1,-0.24181437,1.982399,7.850887
1745415621321,accelerometer,-1,-0.80205756,2.3630772,7.5635824
1745415621459,gyroscope,-1,-0.0954477,0.3678936,-0.0603993
1745415621499,accelerometer,-1,-1.4772224,2.5809495,8.803779
1745415621499,accelerometer,-1,-1.3144168,2.8682537,10.2857895
1745415621499,accelerometer,-1,-0.9864111,3.3375173,10.467749
1745415621499,accelerometer,-1,-1.5394717,3.3925838,9.62499
1745415621499,accelerometer,-1,-1.70946,3.6176388,8.933065
1745415621499,accelerometer,-1,-1.8459295,3.4691982,8.497321
1745415621499,accelerometer,-1,-1.6112977,3.157952,8.913912
1745415621499,accelerometer,-1,-1.163582,2.8538885,9.483732
1745415621500,accelerometer,-1,-0.6751649,2.3918076,9.840468
1745415621638,gyroscope,-1,-0.10216721,-0.30650163,0.82046837
1745415621679,accelerometer,-1,-0.11731588,2.3247697,9.328109
1745415621679,accelerometer,-1,-0.04070143,2.4516625,7.838916
1745415621679,accelerometer,-1,0.39743748,2.7126305,6.9674263
1745415621679,accelerometer,-1,0.8738836,2.9041667,6.9722147
1745415621679,accelerometer,-1,1.4652514,3.0382419,7.4079595
1745415621679,accelerometer,-1,1.5729905,3.2082303,7.951443
1745415621679,accelerometer,-1,1.3694834,3.5170822,7.817368
1745415621679,accelerometer,-1,0.92895025,3.9145198,7.8006086
1745415621679,accelerometer,-1,1.0534488,4.2760444,8.5739355
1745415621818,gyroscope,-1,-0.19318613,0.27015516,0.1417971
1745415621857,accelerometer,-1,1.4053963,4.381389,9.031228
1745415621858,accelerometer,-1,1.6687586,4.72376,9.088689
1745415621858,accelerometer,-1,1.6567876,4.9754505,9.531616
1745415621858,accelerometer,-1,1.7932571,5.585972,9.703999
1745415621858,accelerometer,-1,1.496376,5.942708,9.560347
1745415621859,accelerometer,-1,0.8619126,5.84694,9.701605
1745415621859,accelerometer,-1,1.0965444,5.746383,10.510845
1745415621860,accelerometer,-1,1.3790601,5.92116,11.255442
1745415621860,accelerometer,-1,1.13964,5.4710503,11.777377
1745415621999,gyroscope,-1,1.5178474,-0.20815234,-0.20395264
1745415622039,accelerometer,-1,1.2904748,4.4723687,12.6895685
1745415622039,accelerometer,-1,1.5011644,3.4715924,13.580212
1745415622039,accelerometer,-1,1.1875241,2.9616275,13.886669
1745415622039,accelerometer,-1,0.45010993,2.4349031,13.599365
1745415622039,accelerometer,-1,0.44532153,2.633622,12.021586
1745415622039,accelerometer,-1,0.557849,2.695871,10.21157
1745415622039,accelerometer,-1,0.92416185,2.5905263,8.734347
1745415622040,accelerometer,-1,1.4221559,2.3008277,8.071154
1745415622040,accelerometer,-1,2.0159178,2.0901382,7.879617
1745415622179,gyroscope,-1,0.4286747,-1.2563971,-0.9357692
1745415622220,accelerometer,-1,2.4181437,2.0829554,7.4055653
1745415622220,accelerometer,-1,2.6240451,2.195483,6.4502788
1745415622220,accelerometer,-1,2.8658595,2.1332338,5.705682
1745415622220,accelerometer,-1,2.8179753,2.0398598,5.8301806
1745415622220,accelerometer,-1,2.6264393,1.9967642,6.3880296
1745415622220,accelerometer,-1,2.3558946,2.303222,6.6609683
1745415622220,accelerometer,-1,1.733402,2.6671407,6.799832
1745415622220,accelerometer,-1,1.2042835,3.1004913,6.6250553
1745415622220,accelerometer,-1,0.9552865,3.2992098,6.404789
1745415622360,gyroscope,-1,-0.014202617,-0.08659015,-0.38721222
